-- phpMyAdmin SQL Dump
-- version 4.7.4
-- https://www.phpmyadmin.net/
--
-- Servidor: 127.0.0.1
-- Tiempo de generación: 09-05-2018 a las 18:38:19
-- Versión del servidor: 10.1.30-MariaDB
-- Versión de PHP: 7.2.1

SET SQL_MODE = "NO_AUTO_VALUE_ON_ZERO";
SET AUTOCOMMIT = 0;
START TRANSACTION;
SET time_zone = "+00:00";


/*!40101 SET @OLD_CHARACTER_SET_CLIENT=@@CHARACTER_SET_CLIENT */;
/*!40101 SET @OLD_CHARACTER_SET_RESULTS=@@CHARACTER_SET_RESULTS */;
/*!40101 SET @OLD_COLLATION_CONNECTION=@@COLLATION_CONNECTION */;
/*!40101 SET NAMES utf8mb4 */;

--
-- Base de datos: `appconvenio`
--

-- --------------------------------------------------------

--
-- Estructura de tabla para la tabla `ci_sessions`
--

CREATE TABLE `ci_sessions` (
  `id` varchar(500) COLLATE utf8_spanish2_ci NOT NULL,
  `ip_address` varchar(100) COLLATE utf8_spanish2_ci NOT NULL,
  `timestamp` int(11) NOT NULL,
  `data` text COLLATE utf8_spanish2_ci NOT NULL
) ENGINE=InnoDB DEFAULT CHARSET=utf8 COLLATE=utf8_spanish2_ci;

--
-- Volcado de datos para la tabla `ci_sessions`
--

INSERT INTO `ci_sessions` (`id`, `ip_address`, `timestamp`, `data`) VALUES
('2s9kiombla985hoh896n0ooivmhdd37j', '127.0.0.1', 1525827296, '__ci_last_regenerate|i:1525827139;'),
('c665c8sovt4ba11kaono682avrurcg1i', '127.0.0.1', 1525875622, '__ci_last_regenerate|i:1525875622;'),
('rlllgnfq3u47m8ff6ai0dfser1eb9ecq', '127.0.0.1', 1525876044, '__ci_last_regenerate|i:1525876044;codigo|s:1:\"3\";estado|s:1:\"1\";usuario|s:5:\"admin\";apellidos|N;email|N;logueado|b:1;rol|s:13:\"Administrador\";tercero|N;'),
('flbnpsiet16rdov8kf43bg6lf2tbqk1c', '127.0.0.1', 1525876450, '__ci_last_regenerate|i:1525876450;codigo|s:1:\"3\";estado|s:1:\"1\";usuario|s:5:\"admin\";apellidos|N;email|N;logueado|b:1;rol|s:13:\"Administrador\";tercero|N;'),
('amalsvdmfpf6a3ml2jumshbeql8uoss6', '127.0.0.1', 1525876761, '__ci_last_regenerate|i:1525876761;codigo|s:1:\"3\";estado|s:1:\"1\";usuario|s:5:\"admin\";apellidos|N;email|N;logueado|b:1;rol|s:13:\"Administrador\";tercero|N;'),
('h8gmu8b152nleg4a029056hnucpechn0', '127.0.0.1', 1525877536, '__ci_last_regenerate|i:1525877536;codigo|s:1:\"3\";estado|s:1:\"1\";usuario|s:5:\"admin\";apellidos|N;email|N;logueado|b:1;rol|s:13:\"Administrador\";tercero|N;'),
('urqsjg0b8kmuqdhcap6d2vd7gm8sj84k', '127.0.0.1', 1525878373, '__ci_last_regenerate|i:1525878373;codigo|s:1:\"3\";estado|s:1:\"1\";usuario|s:5:\"admin\";apellidos|N;email|N;logueado|b:1;rol|s:13:\"Administrador\";tercero|N;'),
('tj1gleg7hou0hhj8vkvduei7qvfqdu0v', '127.0.0.1', 1525879856, '__ci_last_regenerate|i:1525879856;codigo|s:1:\"3\";estado|s:1:\"1\";usuario|s:5:\"admin\";apellidos|N;email|N;logueado|b:1;rol|s:13:\"Administrador\";tercero|N;'),
('qtqirp6m3m7pljbh5s6us6igamf4bbj8', '127.0.0.1', 1525880763, '__ci_last_regenerate|i:1525880763;codigo|s:1:\"3\";estado|s:1:\"1\";usuario|s:5:\"admin\";apellidos|N;email|N;logueado|b:1;rol|s:13:\"Administrador\";tercero|N;'),
('os671ar6ohmvjcjgm4dlnjraf7o6942d', '127.0.0.1', 1525881184, '__ci_last_regenerate|i:1525881184;codigo|s:1:\"3\";estado|s:1:\"1\";usuario|s:5:\"admin\";apellidos|N;email|N;logueado|b:1;rol|s:13:\"Administrador\";tercero|N;'),
('k29vn1642ctlsslodqo5lu2d1kdgksn6', '127.0.0.1', 1525881573, '__ci_last_regenerate|i:1525881573;codigo|s:1:\"3\";estado|s:1:\"1\";usuario|s:5:\"admin\";apellidos|N;email|N;logueado|b:1;rol|s:13:\"Administrador\";tercero|N;'),
('fquqagsubv1viqa241gvr9089vo0f8oo', '127.0.0.1', 1525882099, '__ci_last_regenerate|i:1525882099;codigo|s:1:\"3\";estado|s:1:\"1\";usuario|s:5:\"admin\";apellidos|N;email|N;logueado|b:1;rol|s:13:\"Administrador\";tercero|N;'),
('llnu7v89fppe7a3v710bhoohdiu4qpbq', '127.0.0.1', 1525882784, '__ci_last_regenerate|i:1525882784;codigo|s:1:\"3\";estado|s:1:\"1\";usuario|s:5:\"admin\";apellidos|N;email|N;logueado|b:1;rol|s:13:\"Administrador\";tercero|N;'),
('b890035u3rrq3cb1oechvuo7nsu3cn4s', '127.0.0.1', 1525883181, '__ci_last_regenerate|i:1525883181;codigo|s:1:\"3\";estado|s:1:\"1\";usuario|s:5:\"admin\";apellidos|N;email|N;logueado|b:1;rol|s:13:\"Administrador\";tercero|N;'),
('t1km6qrihs55j76o6nieghoe7qnnvrub', '127.0.0.1', 1525883439, '__ci_last_regenerate|i:1525883439;');

-- --------------------------------------------------------

--
-- Estructura de tabla para la tabla `gloasistencias`
--

CREATE TABLE `gloasistencias` (
  `asicodigo` int(11) NOT NULL,
  `asiaprendiz` int(11) NOT NULL COMMENT 'codigo de aprendiz gloterceros -> tercodigo',
  `asidetalle` int(11) NOT NULL COMMENT 'asistencia = 1 inasistencia = 2',
  `asifecha` date NOT NULL,
  `asiusucrea` varchar(100) COLLATE utf8_spanish2_ci NOT NULL,
  `asiactivo` enum('S','N') COLLATE utf8_spanish2_ci NOT NULL
) ENGINE=InnoDB DEFAULT CHARSET=utf8 COLLATE=utf8_spanish2_ci;

-- --------------------------------------------------------

--
-- Estructura de tabla para la tabla `globarrios`
--

CREATE TABLE `globarrios` (
  `barcodigo` int(11) NOT NULL,
  `barnombre` varchar(500) COLLATE utf8_spanish2_ci NOT NULL COMMENT 'nombre del barrio',
  `barmunicipio` int(11) NOT NULL COMMENT 'codigo municipio glomunicipios->muncodigo',
  `barestado` enum('S','N') COLLATE utf8_spanish2_ci NOT NULL
) ENGINE=InnoDB DEFAULT CHARSET=utf8 COLLATE=utf8_spanish2_ci;

--
-- Volcado de datos para la tabla `globarrios`
--

INSERT INTO `globarrios` (`barcodigo`, `barnombre`, `barmunicipio`, `barestado`) VALUES
(1, 'No definido', 1, 'N'),
(3, 'Florencio', 137, 'S'),
(4, 'Prueba', 137, 'N'),
(5, 'Prueba', 137, 'N'),
(6, 'San Francisco', 128, 'S'),
(7, 'Plaza Principal', 141, 'S'),
(8, 'No registra', 141, 'S'),
(9, 'Villa Estadio', 147, 'S'),
(10, 'Ciudadela Metropolitana', 147, 'S'),
(11, 'La Magdalena', 128, 'S'),
(12, 'Centro', 128, 'S'),
(13, 'Soledad 2000', 147, 'S'),
(14, 'San Luis', 128, 'S'),
(15, 'No registra', 128, 'S'),
(16, 'Santa Maria', 128, 'S'),
(17, 'No Registra', 147, 'S'),
(18, 'No Registra', 654, 'S'),
(19, 'Av Circunvalar', 128, 'S'),
(20, 'Calle Central', 142, 'S'),
(21, 'Centro', 412, 'S'),
(22, 'Piedras Azules', 412, 'S'),
(23, 'La Esperanza', 410, 'S'),
(24, 'Centro', 411, 'S'),
(25, 'Las Delicias', 420, 'S'),
(26, 'Las Americas', 404, 'S'),
(27, 'No Registra', 188, 'S'),
(28, 'Los Lagos', 185, 'S'),
(29, 'Centro', 187, 'S'),
(30, 'Centro', 188, 'S'),
(31, 'No Registra', 404, 'S'),
(32, 'No Registra', 786, 'S'),
(33, 'Dorado', 786, 'S'),
(34, 'Santa Clara', 786, 'S'),
(35, 'Santa Ana', 786, 'S'),
(36, 'La Piñuela', 763, 'S'),
(37, 'No Registra', 763, 'S'),
(38, 'Nueva Colombia', 404, 'S'),
(39, 'Centro', 404, 'S'),
(40, 'Caldas', 860, 'S'),
(41, 'Santander', 164, 'S'),
(42, 'No Registra', 645, 'S'),
(43, 'Loma Fresca', 654, 'S'),
(44, 'Montes', 128, 'S'),
(45, 'Villa Estrella', 152, 'S'),
(46, 'Centro', 426, 'S'),
(47, 'Centro', 637, 'S'),
(48, 'Centro', 762, 'S'),
(49, 'No Registra', 875, 'S'),
(50, 'Hoyo Grande', 888, 'S'),
(51, 'Ciudad Modesto', 128, 'S'),
(52, 'Centro', 915, 'S'),
(53, 'No Registra', 932, 'S'),
(54, 'No Registra', 429, 'S'),
(55, 'Orihueca Corregimiento', 645, 'S'),
(56, 'No Registra', 658, 'S'),
(57, 'Candelaria Norte', 402, 'S'),
(58, 'Los Fundadores', 402, 'S'),
(59, 'No Registra', 633, 'S'),
(60, 'No Registra', 644, 'S'),
(61, 'No Registra', 129, 'S'),
(62, 'No Registra', 152, 'S'),
(63, 'Paseo Bolivar', 152, 'S'),
(64, 'Santa Verónica', 133, 'S'),
(65, 'Centro', 164, 'S'),
(66, 'Villa Andrea', 152, 'S'),
(67, 'Villa Sol', 152, 'S'),
(68, 'Consolata', 152, 'S'),
(69, 'No Registra', 634, 'S'),
(70, 'Prado', 152, 'S'),
(71, 'Centro', 650, 'S'),
(72, 'Santander', 639, 'S'),
(73, 'El Carmen', 638, 'S'),
(74, 'No Registra', 417, 'S'),
(75, 'No Registra', 402, 'S'),
(76, 'Guajira', 795, 'S'),
(77, 'No Registra', 762, 'S'),
(78, 'No Registra', 769, 'S'),
(79, 'Campo Alegre', 875, 'S'),
(80, 'El llanito', 863, 'S'),
(81, 'San Silvestre', 888, 'S'),
(82, 'No Registra', 911, 'S'),
(83, 'No Registra', 905, 'S'),
(84, 'Centro', 897, 'S'),
(85, 'No Registra', 185, 'S'),
(86, 'La Manga', 128, 'S'),
(87, 'No Registra', 159, 'S'),
(88, 'San Felipe', 128, 'S'),
(89, 'Las Palmas', 128, 'S'),
(90, 'Las Estrellas', 128, 'S'),
(91, 'La Pradera', 128, 'S'),
(92, 'Villa Muvdi', 128, 'N'),
(93, 'Nueva Granada', 128, 'S'),
(94, 'Sur Centro', 168, 'S'),
(95, 'No Registra', 919, 'S'),
(96, 'Plaza Mercado', 919, 'S'),
(97, 'Av San Carlos', 915, 'S'),
(98, 'Camilo Torres', 915, 'S'),
(99, 'Calle Principal', 929, 'S'),
(100, 'No Registra', 434, 'S'),
(101, 'No Registra', 449, 'S'),
(102, 'Calle Larga', 449, 'S'),
(103, 'Centro', 922, 'S'),
(104, 'Calle Principal', 922, 'S'),
(105, 'Centro', 36, 'S'),
(106, 'El Portal', 428, 'S'),
(107, 'San Diego', 432, 'S'),
(108, 'El Manantial', 128, 'S'),
(109, 'San Roque', 128, 'S'),
(110, 'Pozon', 152, 'S'),
(111, 'Centro', 410, 'S'),
(112, 'No Registra', 441, 'S'),
(113, 'No Registra', 432, 'S'),
(114, 'No Registra', 435, 'S'),
(115, 'San Jose', 435, 'S'),
(116, 'No Registra', 454, 'S'),
(117, 'No Registra', 438, 'S'),
(118, 'San Nicolas', 111, 'S'),
(119, 'Alfonso Lopez', 762, 'S'),
(120, 'Los Patios', 762, 'S'),
(121, 'Galan', 404, 'S'),
(122, 'No Registra', 787, 'S'),
(123, 'Villa Muvdi', 147, 'S'),
(124, 'El Prado', 128, 'S'),
(125, 'Hipodromo', 147, 'S'),
(126, 'Buena Esperanza', 147, 'S'),
(127, 'Carrizal', 128, 'S'),
(128, 'Las Nieves', 128, 'S'),
(129, 'Centro', 147, 'S'),
(130, 'Santuario', 128, 'S'),
(131, 'La Pradera', 128, 'N'),
(132, 'Los Angeles', 128, 'S'),
(133, 'Las Florez', 128, 'S'),
(134, 'Almendros', 147, 'S'),
(135, 'No Registra', 144, 'S'),
(136, 'La Granja', 428, 'S'),
(137, 'No ', 149, 'N'),
(138, 'Gaira', 645, 'S'),
(139, 'Arenal', 438, 'S'),
(140, 'La Maria', 144, 'S'),
(141, 'No Registra', 146, 'S'),
(142, 'No Registra', 193, 'S'),
(143, 'El Exito', 128, 'S'),
(144, 'Porvenir', 152, 'S'),
(145, 'La Maria', 152, 'S'),
(146, 'San Francisco', 152, 'S'),
(147, 'Canapote', 152, 'S'),
(148, '7 de Agosto', 402, 'S'),
(149, 'Casimiro', 402, 'S'),
(150, 'Fundadores', 402, 'N'),
(151, 'La Victoria', 402, 'S'),
(152, 'Villa Fanny', 424, 'S'),
(153, 'Centro', 892, 'S'),
(186, 'Torcoroma', 834, 'S'),
(187, '7 de Agosto', 270, 'S'),
(188, 'Centro', 847, 'S'),
(189, 'Villa Jaidy', 402, 'S'),
(190, 'Nuevo Paraiso', 152, 'S'),
(191, 'Olaya', 152, 'S'),
(192, 'Villas del Tejar', 762, 'S'),
(193, 'Centro', 143, 'S'),
(194, 'No Registra', 408, 'S'),
(195, 'Palmita', 647, 'S'),
(196, 'Centro', 639, 'S'),
(197, 'La Granja', 402, 'S'),
(198, 'Trujillo', 407, 'S'),
(199, 'No Registra', 420, 'S'),
(200, '20 de Julio', 129, 'S'),
(201, 'No ', 1358, 'N'),
(202, 'No Registra', 1358, 'S'),
(203, 'No Registra', 426, 'S'),
(204, 'Centro', 424, 'S'),
(205, 'Centro', 834, 'S'),
(206, 'San Francisco', 441, 'S'),
(207, 'n', 443, 'N'),
(208, 'No Registra', 443, 'S'),
(209, 'No Registra', 428, 'S'),
(210, 'Las Moras', 147, 'S'),
(211, 'No Registra', 714, 'S'),
(212, 'No Registra', 649, 'S'),
(213, 'No Registra', 168, 'S'),
(214, 'No Registra', 699, 'S'),
(215, 'Centro', 725, 'S'),
(216, 'Bellavista', 725, 'S'),
(217, 'San Fernando', 610, 'S'),
(218, 'La Candelaria', 610, 'S'),
(219, 'San Pedro', 595, 'S'),
(220, 'No Registra', 213, 'S'),
(221, 'No Registra', 883, 'S'),
(222, 'Villa Olimpica', 897, 'S'),
(223, 'Kennedy', 828, 'S'),
(224, 'Santa Ana', 860, 'S'),
(225, 'Centro', 875, 'S'),
(226, 'Barro Blanco', 888, 'S'),
(227, 'Guarin', 828, 'S'),
(228, 'Centro', 828, 'S'),
(229, 'San Isidro', 188, 'S'),
(230, 'La Sabanita', 404, 'S'),
(231, 'Union', 404, 'S'),
(232, 'Motilones', 762, 'S'),
(233, 'Centro', 783, 'S'),
(234, 'Luis Eduardo', 632, 'S'),
(235, 'Abajo', 632, 'S'),
(236, 'Centro', 636, 'S'),
(237, 'Mercado', 632, 'S'),
(238, 'Villa Laura', 632, 'S'),
(239, 'Centro', 641, 'S'),
(240, 'Neimaruk', 636, 'S'),
(241, 'Centro', 423, 'S'),
(242, 'Mayales', 402, 'S'),
(243, 'Amaneceres del Valle', 402, 'S'),
(244, 'Av. Principal', 413, 'S'),
(245, 'La Concordia', 762, 'S'),
(246, 'Prado Norte', 762, 'S'),
(247, 'Las Nieves', 787, 'S'),
(248, 'Chapinero', 769, 'S'),
(249, 'Centro', 795, 'S'),
(250, 'Centro', 174, 'S'),
(251, 'Laureles', 645, 'S'),
(252, 'Bonda', 645, 'S'),
(253, 'Taganga', 645, 'S'),
(254, 'Urb. Filadelfia', 645, 'S'),
(255, 'Urb. Parque', 147, 'S'),
(256, 'Alfonso Lopez', 915, 'S'),
(257, 'Versalle', 915, 'S'),
(258, 'Centro', 935, 'S'),
(259, 'Centro', 434, 'S'),
(260, 'Los Olivos', 128, 'S'),
(261, 'Centro', 651, 'S'),
(262, 'Centro', 655, 'S'),
(263, 'La Magdalena', 651, 'S'),
(264, 'La Candelaria', 651, 'S'),
(265, 'Policarpa', 152, 'S'),
(266, 'Centro', 654, 'S'),
(267, 'San Martin', 632, 'S'),
(268, 'Olaya', 168, 'S'),
(269, 'Centro', 142, 'S'),
(270, 'Bolivar', 763, 'S'),
(271, 'San Eduardo', 404, 'S'),
(272, 'San Francisco', 828, 'S'),
(273, 'Caldas', 828, 'S'),
(274, 'Carmen', 188, 'S'),
(275, 'Centro', 185, 'S'),
(276, 'Santander', 185, 'S'),
(277, 'Centro', 832, 'S'),
(278, 'Dangond', 828, 'S'),
(279, 'Centro', 159, 'S'),
(280, 'Libertador', 645, 'S'),
(281, 'Centro', 419, 'S'),
(282, 'Centro', 420, 'S'),
(283, 'La Concordia', 828, 'S'),
(284, 'Centro', 888, 'S'),
(285, 'Provenza', 828, 'S'),
(286, 'Santa Ana', 828, 'S'),
(287, 'Sector Ricaurte', 152, 'S'),
(288, 'El Pesebre', 875, 'S'),
(289, 'Asturias', 828, 'S'),
(290, 'Comuneros', 762, 'S'),
(291, 'Santa Cruz', 645, 'S'),
(292, 'La Concepcion 3', 645, 'S'),
(293, 'Corintios', 645, 'S'),
(294, 'Centro', 645, 'S'),
(295, 'La Nevada', 402, 'S'),
(296, 'Mercado', 658, 'S'),
(297, 'San Martin', 409, 'S'),
(298, 'Centro', 409, 'S'),
(299, 'Bolivar', 410, 'S'),
(300, '.', 140, 'N'),
(301, '.', 130, 'N'),
(302, 'Mutualidad', 828, 'S'),
(303, 'Chapinero', 828, 'S'),
(304, 'Murallados', 863, 'S'),
(305, 'San Rafael', 888, 'S'),
(306, 'Comuneros', 828, 'S'),
(307, 'Bellavista', 828, 'S'),
(308, '.', 160, 'N'),
(309, 'Las Mercedes', 128, 'S'),
(310, 'San Martin', 639, 'S'),
(311, 'Camilo Torres', 632, 'S'),
(312, 'La Concepcion', 128, 'S'),
(313, 'Cristo Rey', 130, 'S'),
(314, 'Recreo', 128, 'S'),
(315, 'Mercado', 639, 'S'),
(316, 'Rio de Oro', 863, 'S'),
(317, 'Torcoroma', 419, 'S'),
(318, 'San Miguel', 762, 'S'),
(319, 'Centro', 1, 'S'),
(320, 'Olaya', 128, 'S'),
(321, 'San Pedro', 152, 'S'),
(322, 'No Registra', 132, 'S'),
(323, 'Villa Rosario', 402, 'S'),
(324, 'Candelaria Sur', 402, 'S'),
(325, 'Dangond', 402, 'S'),
(326, 'Paraiso', 128, 'S'),
(327, 'Juan Camilo', 402, 'S'),
(328, 'No Registra', 632, 'S'),
(329, 'No Registra', 637, 'S'),
(330, 'No Registra', 164, 'S'),
(331, 'No Registra', 650, 'S'),
(332, 'No Registra', 646, 'S'),
(333, 'No Registra', 410, 'S'),
(334, 'No Registra', 419, 'S'),
(335, 'No Registra', 192, 'S'),
(336, 'No Registra', 184, 'S'),
(337, 'No Registra', 894, 'S'),
(338, 'La Libertad', 834, 'S'),
(339, 'Las Malvinas', 128, 'S'),
(340, 'No Registra', 863, 'S'),
(341, 'No Registra', 860, 'S'),
(342, 'Morrorico', 828, 'S'),
(343, 'No Registra', 888, 'S'),
(344, 'Torices', 152, 'S'),
(345, 'No Registra', 828, 'S'),
(346, 'Ciudad Valencia', 828, 'S'),
(347, 'Centro', 839, 'S'),
(348, 'Centro', 144, 'S'),
(349, 'Guarumal', 183, 'S'),
(350, 'No Registra', 308, 'S'),
(351, 'Centro', 270, 'S'),
(352, 'No Registra', 832, 'S'),
(353, 'No Registra', 833, 'S'),
(354, 'No Registra', 897, 'S'),
(355, 'Sector Simon Bolivar', 152, 'S'),
(356, 'Mercado', 786, 'S'),
(357, 'Bosque', 915, 'S'),
(358, 'Guadalajara', 428, 'S'),
(359, 'No Registra', 659, 'S'),
(360, 'No Registra', 647, 'S'),
(361, 'No Registra', 149, 'S'),
(362, 'El Concord', 135, 'S'),
(363, 'Centro', 632, 'S'),
(364, 'No Registra', 638, 'S'),
(365, 'Centro', 644, 'S'),
(366, 'Centro', 407, 'S'),
(367, 'La Y', 417, 'S'),
(368, 'Las Delicias', 646, 'S'),
(369, 'San Fernando', 152, 'S'),
(370, 'Consolata', 152, 'N'),
(371, 'Tamaca', 645, 'S'),
(372, 'Luis R. Calvo', 645, 'S'),
(373, 'Los Fundadores', 645, 'S'),
(374, 'Garagoa', 645, 'S'),
(375, 'Filadelfia', 645, 'S'),
(376, 'El Carmen', 35, 'S'),
(377, 'No Registra', 45, 'S'),
(378, 'Porvenir', 45, 'S'),
(379, '7 de Abril', 128, 'S'),
(380, 'El Carmen', 135, 'S'),
(381, 'Centro', 140, 'S'),
(382, 'Villate', 128, 'S'),
(383, 'Ciudad Jardin', 128, 'S'),
(384, '13 de Junio', 152, 'S'),
(385, 'Rebolo', 128, 'S'),
(386, 'No Registra', 135, 'S'),
(387, 'No Registra', 137, 'S'),
(388, 'No Registra', 145, 'S'),
(389, 'No Registra', 915, 'S'),
(390, 'Cauca', 915, 'S'),
(391, 'Los Cedros', 147, 'S'),
(392, 'Terranova', 128, 'S'),
(393, 'La Central', 147, 'S'),
(394, 'La Victoria', 128, 'S'),
(395, 'Santo Domingo', 147, 'S'),
(396, 'Conidec', 128, 'S'),
(397, 'Abajo', 128, 'S'),
(398, 'Ciudadela 20 de Julio', 128, 'S'),
(399, 'No Registra', 133, 'S'),
(400, 'Bellavista', 650, 'S'),
(401, 'No Registra', 174, 'S'),
(402, 'No Registra', 424, 'S'),
(403, 'Olas Altas', 828, 'S'),
(404, 'Acacios', 905, 'S'),
(405, 'Maria Eugenia', 404, 'S'),
(406, 'Olaya Herrera', 404, 'S'),
(407, 'Santa Barbara', 763, 'S'),
(408, 'Centro', 776, 'S'),
(409, 'Urb Colinas Norte', 762, 'S'),
(410, 'San Luis', 762, 'S'),
(411, '1 de Mayo', 786, 'S'),
(412, 'Centro', 771, 'S'),
(413, 'Centro', 786, 'S'),
(414, 'No Registra', 651, 'S'),
(415, 'Simon Bolivar', 128, 'S'),
(416, 'Las Nubes', 147, 'S'),
(417, 'Centro', 653, 'S'),
(418, 'No Registra', 156, 'S'),
(419, 'Sopla Viento', 156, 'S'),
(420, '5 de Marzo', 417, 'S'),
(421, 'Lo Amador', 152, 'S'),
(422, 'Buenos Aires', 632, 'S'),
(423, 'Caraquita', 637, 'S'),
(424, '25 de Mayo', 636, 'S'),
(425, 'Divino Niño', 402, 'S'),
(426, 'Villa Leonor', 402, 'S'),
(427, 'Santa Rosa', 402, 'S'),
(428, 'Keneddy', 402, 'S'),
(429, 'Los Cortijos', 402, 'S'),
(430, 'La Bucaramanga', 915, 'S'),
(431, '1 de Diciembre', 144, 'S'),
(432, 'Santa Elena', 129, 'S'),
(433, 'No Registra', 1346, 'S'),
(434, 'Choqueros', 645, 'S'),
(435, 'Gaitan', 402, 'S'),
(436, 'No Registra', 130, 'S'),
(437, 'Abajo', 145, 'S'),
(438, 'Valparaiso', 919, 'S'),
(439, 'No Registra', 639, 'S'),
(440, 'La Floresta', 183, 'S'),
(441, 'La Florida', 144, 'S'),
(442, 'Centro', 633, 'S'),
(443, 'No Registra', 1354, 'S'),
(444, 'La Cruz', 449, 'S'),
(445, 'No Registra', 142, 'S'),
(446, 'Calle Cartagena', 142, 'S'),
(447, 'La Sierrita', 128, 'S'),
(448, 'No Registra', 189, 'S'),
(449, 'La Gloria', 786, 'S'),
(450, 'San Mateo', 168, 'S'),
(451, 'Cordoba', 168, 'S'),
(452, 'El Carmen', 408, 'S'),
(453, 'Centro', 129, 'S'),
(454, 'Bellavista', 135, 'S'),
(455, 'La Floresta', 128, 'S'),
(456, 'Villa Maria', 147, 'S'),
(457, 'Villa Valentina', 147, 'S'),
(458, 'Portal de los Nogales', 147, 'S'),
(459, 'Girasoles', 128, 'S'),
(460, 'Villa Adela', 147, 'S'),
(461, 'Villa Monica', 147, 'S'),
(462, 'Salon Azul', 132, 'S'),
(463, 'San Isidro', 653, 'S'),
(464, 'San Carlos', 412, 'S'),
(465, 'No Registra', 422, 'S'),
(466, 'Pescadito', 410, 'S'),
(467, 'Almendro', 132, 'S'),
(468, 'Alboraya', 128, 'S'),
(469, 'Limoncito', 128, 'S');

-- --------------------------------------------------------

--
-- Estructura de tabla para la tabla `glodepartamentos`
--

CREATE TABLE `glodepartamentos` (
  `depcodigo` int(11) NOT NULL,
  `depnombre` varchar(100) COLLATE utf8_spanish2_ci DEFAULT NULL,
  `deppais` int(11) DEFAULT NULL COMMENT 'coigo de pais ->paicodigo'
) ENGINE=InnoDB DEFAULT CHARSET=utf8 COLLATE=utf8_spanish2_ci;

--
-- Volcado de datos para la tabla `glodepartamentos`
--

INSERT INTO `glodepartamentos` (`depcodigo`, `depnombre`, `deppais`) VALUES
(0, 'No Aplica', 0),
(5, 'ANTIOQUIA', 49),
(8, 'ATLANTICO', 49),
(11, 'BOGOTA', 49),
(13, 'BOLIVAR', 49),
(15, 'BOYACA', 49),
(17, 'CALDAS', 49),
(18, 'CAQUETA', 49),
(19, 'CAUCA', 49),
(20, 'CESAR', 49),
(23, 'CORDOBA', 49),
(25, 'CUNDINAMARCA', 49),
(27, 'CHOCO', 49),
(41, 'HUILA', 49),
(44, 'LA GUAJIRA', 49),
(47, 'MAGDALENA', 49),
(50, 'META', 49),
(52, 'NARIÑO', 49),
(54, 'NORTE DE SANTANDER', 49),
(63, 'QUINDIO', 49),
(66, 'RISARALDA', 49),
(68, 'SANTANDER', 49),
(70, 'SUCRE', 49),
(73, 'TOLIMA', 49),
(76, 'VALLE', 49),
(81, 'ARAUCA', 49),
(85, 'CASANARE', 49),
(86, 'PUTUMAYO', 49),
(88, 'SAN ANDRES', 49),
(91, 'AMAZONAS', 49),
(94, 'GUAINIA', 49),
(95, 'GUAVIARE', 49),
(97, 'VAUPES', 49),
(99, 'VICHADA', 49),
(100, 'AFGHANISTAN', 1),
(101, 'ALAND ISLANDS', 2),
(102, 'ALBANIA', 3),
(103, 'ALEMANIA', 4),
(104, 'ALGERIA', 5),
(105, 'AMERICAN SAMOA', 6),
(106, 'ANDORRA', 7),
(107, 'ANGOLA', 8),
(108, 'ANGUILLA', 9),
(109, 'ANTARCTICA', 10),
(110, 'ANTIGUA Y BARBUDA', 11),
(111, 'ARABIA SAUDITA', 12),
(112, 'ARGENTINA', 13),
(113, 'ARMENIA', 14),
(114, 'ARUBA', 15),
(115, 'ASIA / REGION PACIFICO', 16),
(116, 'AUSTRALIA', 17),
(117, 'AUSTRIA', 18),
(118, 'AZERBAIJAN', 19),
(119, 'BAHAMAS', 20),
(120, 'BAHRAIN', 21),
(121, 'BANGLADESH', 22),
(122, 'BARBADOS', 23),
(123, 'BELARUS', 24),
(124, 'BELGICA', 25),
(125, 'BELICE', 26),
(126, 'BENIN', 27),
(127, 'BERMUDA', 28),
(128, 'BHUTAN', 29),
(129, 'BOLIVIA', 30),
(130, 'BONAIR', 31),
(131, 'BOSNIA AND HERZEGOVINA', 32),
(132, 'BOTSWANA', 33),
(133, 'BRASIL', 34),
(134, 'BRITISH INDIAN OCEAN TERRITORY', 35),
(135, 'BRUNEI DARUSSALAM', 36),
(136, 'BULGARIA', 37),
(137, 'BURKINA FASO', 38),
(138, 'BURUNDI', 39),
(139, 'CABO VERDE', 40),
(140, 'CAMBOYA', 41),
(141, 'CAMERUN', 42),
(142, 'CANADA', 43),
(143, 'CHAD', 44),
(144, 'CHILE', 45),
(145, 'CHINA', 46),
(146, 'CHIPRE', 47),
(147, 'COCOS (KEELING) ISLANDS', 48),
(149, 'COMOROS', 50),
(150, 'CONG', 51),
(151, 'CONGO', 52),
(152, 'COOK ISLANDS', 53),
(153, 'COSTA RICA', 54),
(154, 'COTE D IVOIRE', 55),
(155, 'CROACIA', 56),
(156, 'CUBA', 57),
(157, 'CURACAO', 58),
(158, 'DINAMARCA', 59),
(159, 'DJIBOUTI', 60),
(160, 'DOMINICA', 61),
(161, 'ECUADOR', 62),
(162, 'EGIPTO', 63),
(163, 'EL SALVADOR', 64),
(164, 'EMIRATOS ARABES UNIDOS', 65),
(165, 'ERITREA', 66),
(166, 'ESLOVAQUIA', 67),
(167, 'ESLOVENIA', 68),
(168, 'ESPAÑA', 69),
(169, 'ESTADOS UNIDOS', 70),
(170, 'ESTONIA', 71),
(171, 'ETIOPIA', 72),
(172, 'FAROE ISLANDS', 73),
(173, 'FIJI', 74),
(174, 'FILIPINAS', 75),
(175, 'FINLANDIA', 76),
(176, 'FRANCIA', 77),
(177, 'FRENCH POLYNESIA', 78),
(178, 'GABON', 79),
(179, 'GAMBIA', 80),
(180, 'GANA', 81),
(181, 'GEORGIA', 82),
(182, 'GIBRALTAR', 83),
(183, 'GRANADA', 84),
(184, 'GRECIA', 85),
(185, 'GROENLANDIA', 86),
(186, 'GUADELOUPE', 87),
(187, 'GUAM', 88),
(188, 'GUATEMALA', 89),
(189, 'GUERNSEY', 90),
(190, 'GUINEA', 91),
(191, 'GUINEA ECUATORIAL', 92),
(192, 'GUINEA-BISSAU', 93),
(193, 'GUYANA', 94),
(194, 'GUYANA FRANCESA', 95),
(195, 'HAITI', 96),
(196, 'HOLANDA, PAISES BAJOS', 97),
(197, 'HOLY SEE (VATICAN CITY STATE)', 98),
(198, 'HONDURAS', 99),
(199, 'HUNGRIA', 100),
(200, 'INDIA', 101),
(201, 'INDONESIA', 102),
(202, 'IRA', 103),
(203, 'IRAQ', 104),
(204, 'IRLANDA', 105),
(205, 'ISLANDIA', 106),
(206, 'ISLAS (MALVINAS)', 107),
(207, 'ISLAS CAIMAN', 108),
(208, 'ISLAS DE PASCUA', 109),
(209, 'ISLAS SALOMON', 110),
(210, 'ISLE OF MAN', 111),
(211, 'ISRAEL', 112),
(212, 'ITALIA', 113),
(213, 'JAMAICA', 114),
(214, 'JAPAN', 115),
(215, 'JERSEY', 116),
(216, 'JORDAN', 117),
(217, 'KAZAKHSTAN', 118),
(218, 'KENYA', 119),
(219, 'KIRIBATI', 120),
(220, 'KORE', 121),
(221, 'KUWAIT', 122),
(222, 'KYRGYZSTAN', 123),
(223, 'LAO PEOPLE S DEMOCRATIC REPUBLIC', 124),
(224, 'LATVIA', 125),
(225, 'LEBANON', 126),
(226, 'LESOTHO', 127),
(227, 'LIBERIA', 128),
(228, 'LIBYA', 129),
(229, 'LIECHTENSTEIN', 130),
(230, 'LITHUANIA', 131),
(231, 'LUXEMBOURG', 132),
(232, 'MACAU', 133),
(233, 'MACEDONIA', 134),
(234, 'MADAGASCAR', 135),
(235, 'MALASIA', 136),
(236, 'MALAWI', 137),
(237, 'MALDIVES', 138),
(238, 'MALI', 139),
(239, 'MALTA', 140),
(240, 'MARRUECOS', 141),
(241, 'MARSHALL ISLANDS', 142),
(242, 'MARTINIQUE', 143),
(243, 'MAURITANIA', 144),
(244, 'MAURITIUS', 145),
(245, 'MAYOTTE', 146),
(246, 'MEXICO', 147),
(247, 'MICRONESI', 148),
(248, 'MOLDOV', 149),
(249, 'MONACO', 150),
(250, 'MONGOLIA', 151),
(251, 'MONTENEGRO', 152),
(252, 'MONTSERRAT', 153),
(253, 'MOZAMBIQUE', 154),
(254, 'MYANMAR', 155),
(255, 'NAMIBIA', 156),
(256, 'NAURU', 157),
(257, 'NEPAL', 158),
(258, 'NICARAGUA', 159),
(259, 'NIGER', 160),
(260, 'NIGERIA', 161),
(261, 'NIUE', 162),
(262, 'NORFOLK ISLAND', 163),
(263, 'NORTHERN MARIANA ISLANDS', 164),
(264, 'NORUEGA', 165),
(265, 'NUEVA CALEDONIA', 166),
(266, 'NUEVA ZELANDIA', 167),
(267, 'OMAN', 168),
(268, 'PAKISTAN', 169),
(269, 'PALAU', 170),
(270, 'PALESTINA', 171),
(271, 'PANAMA', 172),
(272, 'PAPUA NEW GUINEA', 173),
(273, 'PARAGUAY', 174),
(274, 'PERU', 175),
(275, 'PITCAIRN ISLANDS', 176),
(276, 'POLONIA', 177),
(277, 'PORTUGAL', 178),
(278, 'PUERTO RICO', 179),
(279, 'QATAR', 180),
(280, 'REINO UNIDO', 181),
(281, 'REPUBLICA CENTRAL DE AFRICA', 182),
(282, 'REPUBLICA CHECA', 183),
(283, 'REPUBLICA DOMINICANA', 184),
(284, 'REUNION', 185),
(285, 'ROMANIA', 186),
(286, 'RUANDA', 187),
(287, 'RUSIA', 188),
(288, 'SAINT BARTHELEMY', 189),
(289, 'SAINT HELENA', 190),
(290, 'SAINT KITTS AND NEVIS', 191),
(291, 'SAINT PIERRE AND MIQUELON', 192),
(292, 'SAINT VINCENT AND THE GRENADINES', 193),
(293, 'SAMOA', 194),
(294, 'SAN MARINO', 195),
(295, 'SAN MARTIN', 196),
(296, 'SANTA LUCIA', 197),
(297, 'SAO TOME AND PRINCIPE', 198),
(298, 'SENEGAL', 199),
(299, 'SERBIA', 200),
(300, 'SEYCHELLES', 201),
(301, 'SIERRA LEONE', 202),
(302, 'SINGAPUR', 203),
(303, 'SINT MAARTEN (DUTCH PART)', 204),
(304, 'SIRIA REPUBLICA ARABE', 205),
(305, 'SOMALIA', 206),
(306, 'SOUTH GEORGIA AND THE SOUTH SANDWICH ISLANDS', 207),
(307, 'SRI LANKA', 208),
(308, 'SUDAFRICA', 209),
(309, 'SUDAN', 210),
(310, 'SUDAN DEL SUR', 211),
(311, 'SUECIA', 212),
(312, 'SUIZA', 213),
(313, 'SURINAM', 214),
(314, 'SVALBARD AND JAN MAYEN', 215),
(315, 'SWAZILAND', 216),
(316, 'TAILANDIA', 217),
(317, 'TAIWAN', 218),
(318, 'TAJIKISTAN', 219),
(319, 'TANZANIA', 220),
(320, 'TIMOR-LESTE', 221),
(321, 'TOGO', 222),
(322, 'TOKELAU', 223),
(323, 'TONGA', 224),
(324, 'TRINIDAD Y TOBAGO', 225),
(325, 'TUNISIA', 226),
(326, 'TURKMENISTAN', 227),
(327, 'TURKS AND CAICOS ISLANDS', 228),
(328, 'TURQUIA', 229),
(329, 'TUVALU', 230),
(330, 'UCRANIA', 231),
(331, 'UGANDA', 232),
(332, 'UNITED STATES MINOR OUTLYING ISLANDS', 233),
(333, 'URUGUAY', 234),
(334, 'UZBEKISTAN', 235),
(335, 'VANUATU', 236),
(336, 'VENEZUELA', 237),
(337, 'VIETNAM', 238),
(338, 'VIRGIN ISLAND', 239),
(339, 'WALLIS AND FUTUNA', 240),
(340, 'WESTERN SAHARA', 241),
(341, 'YEMEN', 242),
(342, 'ZAMBIA', 243),
(343, 'ZIMBABWE', 244),
(344, 'No Aplica', 49);

-- --------------------------------------------------------

--
-- Estructura de tabla para la tabla `glofichas`
--

CREATE TABLE `glofichas` (
  `ficcodigo` int(11) NOT NULL,
  `ficclave` int(11) NOT NULL COMMENT 'numero de ficha ',
  `ficabreviatura` varchar(500) COLLATE utf8_spanish2_ci NOT NULL COMMENT 'alias de ficha',
  `ficdetalle` varchar(500) COLLATE utf8_spanish2_ci NOT NULL COMMENT 'nombre de la ficha',
  `ficactivo` enum('S','N') COLLATE utf8_spanish2_ci NOT NULL COMMENT 'estado de la ficha activo = S inactivo = N'
) ENGINE=InnoDB DEFAULT CHARSET=utf8 COLLATE=utf8_spanish2_ci;

--
-- Volcado de datos para la tabla `glofichas`
--

INSERT INTO `glofichas` (`ficcodigo`, `ficclave`, `ficabreviatura`, `ficdetalle`, `ficactivo`) VALUES
(1, 1322368, 'ADSI 1', 'Analisis y Desarrollo de Sistemas de Información # 1', 'S'),
(2, 1322388, 'ADSI 2', 'Analisis y Desarrollo de Sistemas de Información # 2', 'S');

-- --------------------------------------------------------

--
-- Estructura de tabla para la tabla `glomunicipios`
--

CREATE TABLE `glomunicipios` (
  `muncodigo` int(11) NOT NULL,
  `munnombre` varchar(200) COLLATE utf8_spanish2_ci NOT NULL COMMENT 'nombre del departamento',
  `mundepartamento` int(11) NOT NULL COMMENT 'codigo de departamento -> depcodigo'
) ENGINE=InnoDB DEFAULT CHARSET=utf8 COLLATE=utf8_spanish2_ci;

--
-- Volcado de datos para la tabla `glomunicipios`
--

INSERT INTO `glomunicipios` (`muncodigo`, `munnombre`, `mundepartamento`) VALUES
(1, 'No Aplica', 0),
(2, 'ABEJORRAL', 5),
(3, 'ABRIAQUI', 5),
(4, 'ALEJANDRIA', 5),
(5, 'AMAGA', 5),
(6, 'AMALFI', 5),
(7, 'ANDES', 5),
(8, 'ANGELOPOLIS', 5),
(9, 'ANGOSTURA', 5),
(10, 'ANORI', 5),
(11, 'ANTIOQUIA', 5),
(12, 'ANZA', 5),
(13, 'APARTADO', 5),
(14, 'ARBOLETES', 5),
(15, 'ARGELIA', 5),
(16, 'ARMENIA', 5),
(17, 'BARBOSA', 5),
(18, 'BELMIRA', 5),
(19, 'BELLO', 5),
(20, 'BETANIA', 5),
(21, 'BETULIA', 5),
(22, 'BOLIVAR', 5),
(23, 'BRICE#O', 5),
(24, 'BURITICA', 5),
(25, 'CACERES', 5),
(26, 'CAICEDO', 5),
(27, 'CALDAS', 5),
(28, 'CAMPAMENTO', 5),
(29, 'CA#ASGORDAS', 5),
(30, 'CARACOLI', 5),
(31, 'CARAMANTA', 5),
(32, 'CAREPA', 5),
(33, 'CARMEN DE VIBORAL', 5),
(34, 'CAROLINA', 5),
(35, 'CAUCASIA', 5),
(36, 'CHIGORODO', 5),
(37, 'CISNEROS', 5),
(38, 'COCORNA', 5),
(39, 'CONCEPCION', 5),
(40, 'CONCORDIA', 5),
(41, 'COPACABANA', 5),
(42, 'DABEIBA', 5),
(43, 'DON MATIAS', 5),
(44, 'EBEJICO', 5),
(45, 'EL BAGRE', 5),
(46, 'ENTRERRIOS', 5),
(47, 'ENVIGADO', 5),
(48, 'FREDONIA', 5),
(49, 'FRONTINO', 5),
(50, 'GIRALDO', 5),
(51, 'GIRARDOTA', 5),
(52, 'GOMEZ PLATA', 5),
(53, 'GRANADA', 5),
(54, 'GUADALUPE', 5),
(55, 'GUARNE', 5),
(56, 'GUATAPE', 5),
(57, 'HELICONIA', 5),
(58, 'HISPANIA', 5),
(59, 'ITAGUI', 5),
(60, 'ITUANGO', 5),
(61, 'JARDIN', 5),
(62, 'JERICO', 5),
(63, 'LA CEJA', 5),
(64, 'LA ESTRELLA', 5),
(65, 'LA PINTADA', 5),
(66, 'LA UNION', 5),
(67, 'LIBORINA', 5),
(68, 'MACEO', 5),
(69, 'MARINILLA', 5),
(70, 'MONTEBELLO', 5),
(71, 'MURINDO', 5),
(72, 'MUTATA', 5),
(73, 'NARI#O', 5),
(74, 'NECOCLI', 5),
(75, 'NECHI', 5),
(76, 'OLAYA', 5),
(77, 'PE#OL', 5),
(78, 'PEQUE', 5),
(79, 'PUEBLORRICO', 5),
(80, 'PUERTO BERRIO', 5),
(81, 'PUERTO NARE (LA MAGDALENA)', 5),
(82, 'PUERTO TRIUNFO', 5),
(83, 'REMEDIOS', 5),
(84, 'RETIRO', 5),
(85, 'RIONEGRO', 5),
(86, 'SABANALARGA', 5),
(87, 'SABANETA', 5),
(88, 'SALGAR', 5),
(89, 'SAN ANDRES', 5),
(90, 'SAN CARLOS', 5),
(91, 'SAN FRANCISCO', 5),
(92, 'SAN JERONIMO', 5),
(93, 'SAN JOSE DE LA MONTA#A', 5),
(94, 'SAN JUAN DE URA', 5),
(95, 'SAN JUAN DE URABA', 5),
(96, 'SAN LUIS', 5),
(97, 'SAN PEDRO', 5),
(98, 'SAN PEDRO DE UR', 5),
(99, 'SAN PEDRO DE URABA', 5),
(100, 'SAN RAFAEL', 5),
(101, 'SAN ROQUE', 5),
(102, 'SAN VICENTE', 5),
(103, 'SANTA BARBARA', 5),
(104, 'SANTA ROSA DE OSOS', 5),
(105, 'SANTO DOMINGO', 5),
(106, 'SANTUARIO', 5),
(107, 'SEGOVIA', 5),
(108, 'SONSON', 5),
(109, 'SOPETRAN', 5),
(110, 'TAMESIS', 5),
(111, 'TARAZA', 5),
(112, 'TARSO', 5),
(113, 'TITIRIBI', 5),
(114, 'TOLEDO', 5),
(115, 'TURBO', 5),
(116, 'URAMITA', 5),
(117, 'URRAO', 5),
(118, 'VALDIVIA', 5),
(119, 'VALPARAISO', 5),
(120, 'VEGACHI', 5),
(121, 'VENECIA', 5),
(122, 'VIGIA DEL FUERTE', 5),
(123, 'YALI', 5),
(124, 'YARUMAL', 5),
(125, 'YOLOMBO', 5),
(126, 'YONDO (CASABE)', 5),
(127, 'ZARAGOZA', 5),
(128, 'BARRANQUILLA', 8),
(129, 'BARANOA', 8),
(130, 'CAMPO DE LA CRUZ', 8),
(131, 'CANDELARIA', 8),
(132, 'GALAPA', 8),
(133, 'JUAN DE ACOSTA', 8),
(134, 'LURUACO', 8),
(135, 'MALAMBO', 8),
(136, 'MANATI', 8),
(137, 'PALMAR DE VARELA', 8),
(138, 'PIOJO', 8),
(139, 'POLONUEVO', 8),
(140, 'PONEDERA', 8),
(141, 'PUERTO COLOMBIA', 8),
(142, 'REPELON', 8),
(143, 'SABANAGRANDE', 8),
(144, 'SABANALARGA', 8),
(145, 'SANTA LUCIA', 8),
(146, 'SANTO TOMAS', 8),
(147, 'SOLEDAD', 8),
(148, 'SUAN', 8),
(149, 'TUBARA', 8),
(150, 'USIACURI', 8),
(151, 'SANTAFE DE BOGOTA D.C', 11),
(152, 'CARTAGENA', 13),
(153, 'ACHI', 13),
(154, 'ALTOS DEL ROSARIO', 13),
(155, 'ARENAL', 13),
(156, 'ARJONA', 13),
(157, 'ARROYOHONDO', 13),
(158, 'BARRANCO DE LOBA', 13),
(159, 'CALAMAR', 13),
(160, 'CANTAGALLO', 13),
(161, 'CICUCO', 13),
(162, 'CORDOBA', 13),
(163, 'CLEMENCIA', 13),
(164, 'EL CARMEN DE BOLIVAR', 13),
(165, 'EL GUAMO', 13),
(166, 'EL PE#ON', 13),
(167, 'HATILLO DE LOBA', 13),
(168, 'MAGANGUE', 13),
(169, 'MAHATES', 13),
(170, 'MARGARITA', 13),
(171, 'MARIA LA BAJA', 13),
(172, 'MONTECRISTO', 13),
(173, 'MOMPOS', 13),
(174, 'MORALES', 13),
(175, 'PINILLOS', 13),
(176, 'REGIDOR', 13),
(177, 'RIO VIEJO', 13),
(178, 'SAN CRISTOBAL', 13),
(179, 'SAN ESTANISLAO', 13),
(180, 'SAN FERNANDO', 13),
(181, 'SAN JACINTO', 13),
(182, 'SAN JACINTO DEL CAUCA', 13),
(183, 'SAN JUAN NEPOMUCENO', 13),
(184, 'SAN MARTIN DE LOBA', 13),
(185, 'SAN PABLO', 13),
(186, 'SANTA CATALINA', 13),
(187, 'SANTA ROSA', 13),
(188, 'SANTA ROSA DEL SUR', 13),
(189, 'SIMITI', 13),
(190, 'SOPLAVIENTO', 13),
(191, 'TALAIGUA NUEVO', 13),
(192, 'TIQUISIO (PUERTO RICO)', 13),
(193, 'TURBACO', 13),
(194, 'TURBANA', 13),
(195, 'VILLANUEVA', 13),
(196, 'ZAMBRANO', 13),
(197, 'TUNJA', 15),
(198, 'ALMEIDA', 15),
(199, 'AQUITANIA', 15),
(200, 'ARCABUCO', 15),
(201, 'BELEN', 15),
(202, 'BERBEO', 15),
(203, 'BETEITIVA', 15),
(204, 'BOAVITA', 15),
(205, 'BOYACA', 15),
(206, 'BRICE#O', 15),
(207, 'BUENAVISTA', 15),
(208, 'BUSBANZA', 15),
(209, 'CALDAS', 15),
(210, 'CAMPOHERMOSO', 15),
(211, 'CERINZA', 15),
(212, 'CHINAVITA', 15),
(213, 'CHIQUINQUIRA', 15),
(214, 'CHISCAS', 15),
(215, 'CHITA', 15),
(216, 'CHITARAQUE', 15),
(217, 'CHIVATA', 15),
(218, 'CIENEGA', 15),
(219, 'COMBITA', 15),
(220, 'COPER', 15),
(221, 'CORRALES', 15),
(222, 'COVARACHIA', 15),
(223, 'CUBARA', 15),
(224, 'CUCAITA', 15),
(225, 'CUITIVA', 15),
(226, 'CHIQUIZA', 15),
(227, 'CHIVOR', 15),
(228, 'DUITAMA', 15),
(229, 'EL COCUY', 15),
(230, 'EL ESPINO', 15),
(231, 'FIRAVITOBA', 15),
(232, 'FLORESTA', 15),
(233, 'GACHANTIVA', 15),
(234, 'GAMEZA', 15),
(235, 'GARAGOA', 15),
(236, 'GUACAMAYAS', 15),
(237, 'GUATEQUE', 15),
(238, 'GUAYATA', 15),
(239, 'GUICAN', 15),
(240, 'IZA', 15),
(241, 'JENESANO', 15),
(242, 'JERICO', 15),
(243, 'LABRANZAGRANDE', 15),
(244, 'LA CAPILLA', 15),
(245, 'LA VICTORIA', 15),
(246, 'LA UVITA', 15),
(247, 'VILLA DE LEYVA', 15),
(248, 'MACANAL', 15),
(249, 'MARIPI', 15),
(250, 'MIRAFLORES', 15),
(251, 'MONGUA', 15),
(252, 'MONGUI', 15),
(253, 'MONIQUIRA', 15),
(254, 'MOTAVITA', 15),
(255, 'MUZO', 15),
(256, 'NOBSA', 15),
(257, 'NUEVO COLON', 15),
(258, 'OICATA', 15),
(259, 'OTANCHE', 15),
(260, 'PACHAVITA', 15),
(261, 'PAEZ', 15),
(262, 'PAIPA', 15),
(263, 'PAJARITO', 15),
(264, 'PANQUEBA', 15),
(265, 'PAUNA', 15),
(266, 'PAYA', 15),
(267, 'PAZ DE RIO', 15),
(268, 'PESCA', 15),
(269, 'PISVA', 15),
(270, 'PUERTO BOYACA', 15),
(271, 'QUIPAMA', 15),
(272, 'RAMIRIQUI', 15),
(273, 'RAQUIRA', 15),
(274, 'RONDON', 15),
(275, 'SABOYA', 15),
(276, 'SACHICA', 15),
(277, 'SAMACA', 15),
(278, 'SAN EDUARDO', 15),
(279, 'SAN JOSE DE PARE', 15),
(280, 'SAN LUIS DE GAC', 15),
(281, 'SAN LUIS DE GACENO', 15),
(282, 'SAN MATEO', 15),
(283, 'SAN MIGUEL DE SEMA', 15),
(284, 'SAN PABLO DE BORBUR', 15),
(285, 'SANTANA', 15),
(286, 'SANTA MARIA', 15),
(287, 'SANTA ROSA DE VITERBO', 15),
(288, 'SANTA SOFIA', 15),
(289, 'SATIVANORTE', 15),
(290, 'SATIVASUR', 15),
(291, 'SIACHOQUE', 15),
(292, 'SOATA', 15),
(293, 'SOCOTA', 15),
(294, 'SOCHA', 15),
(295, 'SOGAMOSO', 15),
(296, 'SOMONDOCO', 15),
(297, 'SORA', 15),
(298, 'SOTAQUIRA', 15),
(299, 'SORACA', 15),
(300, 'SUSACON', 15),
(301, 'SUTAMARCHAN', 15),
(302, 'SUTATENZA', 15),
(303, 'TASCO', 15),
(304, 'TENZA', 15),
(305, 'TIBANA', 15),
(306, 'TIBASOSA', 15),
(307, 'TINJACA', 15),
(308, 'TIPACOQUE', 15),
(309, 'TOCA', 15),
(310, 'TOGUI', 15),
(311, 'TOPAGA', 15),
(312, 'TOTA', 15),
(313, 'TUNUNGUA', 15),
(314, 'TURMEQUE', 15),
(315, 'TUTA', 15),
(316, 'TUTASA', 15),
(317, 'UMBITA', 15),
(318, 'VENTAQUEMADA', 15),
(319, 'VIRACACHA', 15),
(320, 'ZETAQUIRA', 15),
(321, 'MANIZALES', 17),
(322, 'AGUADAS', 17),
(323, 'ANSERMA', 17),
(324, 'ARANZAZU', 17),
(325, 'BELALCAZAR', 17),
(326, 'CHINCHINA', 17),
(327, 'FILADELFIA', 17),
(328, 'LA DORADA', 17),
(329, 'LA MERCED', 17),
(330, 'MANZANARES', 17),
(331, 'MARMATO', 17),
(332, 'MARQUETALIA', 17),
(333, 'MARULANDA', 17),
(334, 'NEIRA', 17),
(335, 'PACORA', 17),
(336, 'PALESTINA', 17),
(337, 'PENSILVANIA', 17),
(338, 'RIOSUCIO', 17),
(339, 'RISARALDA', 17),
(340, 'SALAMINA', 17),
(341, 'SAMANA', 17),
(342, 'SAN JOSE', 17),
(343, 'SUPIA', 17),
(344, 'VICTORIA', 17),
(345, 'VILLAMARIA', 17),
(346, 'VITERBO', 17),
(347, 'FLORENCIA', 18),
(348, 'ALBANIA', 18),
(349, 'BELEN DE LOS ANDAQUIES', 18),
(350, 'CARTAGENA DEL CHAIRA', 18),
(351, 'CURILLO', 18),
(352, 'EL DONCELLO', 18),
(353, 'EL PAUJIL', 18),
(354, 'LA MONTA#ITA', 18),
(355, 'MILAN', 18),
(356, 'MORELIA', 18),
(357, 'PUERTO RICO', 18),
(358, 'SAN JOSE DEL FRAGUA', 18),
(359, 'SAN VICENTE DEL CAGUAN', 18),
(360, 'SOLANO', 18),
(361, 'SOLITA', 18),
(362, 'VALPARAISO', 18),
(363, 'POPAYAN', 19),
(364, 'ALMAGUER', 19),
(365, 'ARGELIA', 19),
(366, 'BALBOA', 19),
(367, 'BOLIVAR', 19),
(368, 'BUENOS AIRES', 19),
(369, 'CAJIBIO', 19),
(370, 'CALDONO', 19),
(371, 'CALOTO', 19),
(372, 'CORINTO', 19),
(373, 'EL TAMBO', 19),
(374, 'FLORENCIA', 19),
(375, 'GUAPI', 19),
(376, 'INZA', 19),
(377, 'JAMBALO', 19),
(378, 'LA SIERRA', 19),
(379, 'LA VEGA', 19),
(380, 'LOPEZ (MICAY)', 19),
(381, 'MERCADERES', 19),
(382, 'MIRANDA', 19),
(383, 'MORALES', 19),
(384, 'PADILLA', 19),
(385, 'PAEZ (BELALCAZAR)', 19),
(386, 'PATIA(EL BORDO)', 19),
(387, 'PIAMONTE', 19),
(388, 'PIENDAMO', 19),
(389, 'PUERTO TEJADA', 19),
(390, 'PURACE (COCONUCO)', 19),
(391, 'ROSAS', 19),
(392, 'SAN SEBASTIAN', 19),
(393, 'SANTANDER DE QUILICHAO', 19),
(394, 'SANTA ROSA', 19),
(395, 'SILVIA', 19),
(396, 'SOTARA (PAISPAMBA)', 19),
(397, 'SUAREZ', 19),
(398, 'TIMBIO', 19),
(399, 'TIMBIQUI', 19),
(400, 'TORIBIO', 19),
(401, 'TOTORO', 19),
(402, 'VALLEDUPAR', 20),
(403, 'CODAZZI', 20),
(404, 'AGUACHICA', 20),
(405, 'AGUSTIN CODAZZI', 20),
(406, 'ASTREA', 20),
(407, 'BECERRIL', 20),
(408, 'BOSCONIA', 20),
(409, 'CHIMICHAGUA', 20),
(410, 'CHIRIGUANA', 20),
(411, 'CURUMANI', 20),
(412, 'EL COPEY', 20),
(413, 'EL PASO', 20),
(414, 'GAMARRA', 20),
(415, 'GONZALEZ', 20),
(416, 'LA GLORIA', 20),
(417, 'LA JAGUA DE IBIRICO', 20),
(418, 'MANAURE BALCON DEL CESAR', 20),
(419, 'PAILITAS', 20),
(420, 'PELAYA', 20),
(421, 'PUEBLO BELLO', 20),
(422, 'RIO DE ORO', 20),
(423, 'LA PAZ (ROBLES)', 20),
(424, 'SAN ALBERTO', 20),
(425, 'SAN DIEGO', 20),
(426, 'SAN MARTIN', 20),
(427, 'TAMALAMEQUE', 20),
(428, 'MONTERIA', 23),
(429, 'AYAPEL', 23),
(430, 'BUENAVISTA', 23),
(431, 'CANALETE', 23),
(432, 'CERETE', 23),
(433, 'CHIMA', 23),
(434, 'CHINU', 23),
(435, 'CIENAGA DE ORO', 23),
(436, 'COTORRA', 23),
(437, 'LA APARTADA (LA FRONTERA)', 23),
(438, 'LORICA', 23),
(439, 'LOS CORDOBAS', 23),
(440, 'MOMIL', 23),
(441, 'MONTELIBANO', 23),
(442, 'MO#ITOS', 23),
(443, 'PLANETA RICA', 23),
(444, 'PUEBLO NUEVO', 23),
(445, 'PUERTO ESCONDIDO', 23),
(446, 'PUERTO LIBERTAD', 23),
(447, 'PUERTO LIBERTADOR', 23),
(448, 'PURISIMA', 23),
(449, 'SAHAGUN', 23),
(450, 'SAN ANDRES SOTAVENTO', 23),
(451, 'SAN ANTERO', 23),
(452, 'SAN BERNARDO DEL VIENTO', 23),
(453, 'SAN CARLOS', 23),
(454, 'SAN PELAYO', 23),
(455, 'TIERRALTA', 23),
(456, 'VALENCIA', 23),
(457, 'A   AGUA DE DIOS', 25),
(458, 'A   ALBAN', 25),
(459, 'A   ANAPOIMA', 25),
(460, 'A   ANOLAIMA', 25),
(461, 'A   ARBELAEZ', 25),
(462, 'A   BELTRAN', 25),
(463, 'A   BITUIMA', 25),
(464, 'A   BOJACA', 25),
(465, 'A   CABRERA', 25),
(466, 'A   CACHIPAY', 25),
(467, 'A   CAJICA', 25),
(468, 'A   CAPARRAPI', 25),
(469, 'A   CAQUEZA', 25),
(470, 'A   CARMEN DE CARUPA', 25),
(471, 'A   CHAGUANI', 25),
(472, 'A   CHIA', 25),
(473, 'A   CHIPAQUE', 25),
(474, 'A   CHOACHI', 25),
(475, 'A   CHOCONTA', 25),
(476, 'A   COGUA', 25),
(477, 'A   COTA', 25),
(478, 'A   CUCUNUBA', 25),
(479, 'A   EL COLEGIO', 25),
(480, 'A   EL PE#ON', 25),
(481, 'A   EL ROSAL', 25),
(482, 'A   FACATATIVA', 25),
(483, 'A   FOMEQUE', 25),
(484, 'A   FOSCA', 25),
(485, 'A   FUNZA', 25),
(486, 'A   FUQUENE', 25),
(487, 'A   FUSAGASUGA', 25),
(488, 'A   GACHALA', 25),
(489, 'A   GACHANCIPA', 25),
(490, 'A   GACHETA', 25),
(491, 'A   GAMA', 25),
(492, 'A   GIRARDOT', 25),
(493, 'A   GRANADA', 25),
(494, 'A   GUACHETA', 25),
(495, 'A   GUADUAS', 25),
(496, 'A   GUASCA', 25),
(497, 'A   GUATAQUI', 25),
(498, 'A   GUATAVITA', 25),
(499, 'A   GUAYABAL DE SIQUIMA', 25),
(500, 'A   GUAYABETAL', 25),
(501, 'A   GUTIERREZ', 25),
(502, 'A   JERUSALEN', 25),
(503, 'A   JUNIN', 25),
(504, 'A   LA CALERA', 25),
(505, 'A   LA MESA', 25),
(506, 'A   LA PALMA', 25),
(507, 'A   LA PE#A', 25),
(508, 'A   LA VEGA', 25),
(509, 'A   LENGUAZAQUE', 25),
(510, 'A   MACHETA', 25),
(511, 'A   MADRID', 25),
(512, 'A   MANTA', 25),
(513, 'A   MEDINA', 25),
(514, 'A   MOSQUERA', 25),
(515, 'A   NARI#O', 25),
(516, 'A   NEMOCON', 25),
(517, 'A   NILO', 25),
(518, 'A   NIMAIMA', 25),
(519, 'A   NOCAIMA', 25),
(520, 'A   VENECIA (OSPINA PEREZ)', 25),
(521, 'A   PACHO', 25),
(522, 'A   PAIME', 25),
(523, 'A   PANDI', 25),
(524, 'A   PARATEBUENO', 25),
(525, 'A   PASCA', 25),
(526, 'A   PUERTO SALGAR', 25),
(527, 'A   PULI', 25),
(528, 'A   QUEBRADANEGRA', 25),
(529, 'A   QUETAME', 25),
(530, 'A   QUIPILE', 25),
(531, 'A   RAFAEL REYES (APULO)', 25),
(532, 'A   RICAURTE', 25),
(533, 'A   SAN ANTONIO DE TEQUENDAMA', 25),
(534, 'A   SAN BERNARDO', 25),
(535, 'A   SAN CAYETANO', 25),
(536, 'A   SAN FRANCISCO', 25),
(537, 'A   SAN JUAN DE RIO SECO', 25),
(538, 'A   SASAIMA', 25),
(539, 'A   SESQUILE', 25),
(540, 'A   SIBATE', 25),
(541, 'A   SILVANIA', 25),
(542, 'A   SIMIJACA', 25),
(543, 'A   SOACHA', 25),
(544, 'A   SOPO', 25),
(545, 'A   SUBACHOQUE', 25),
(546, 'A   SUESCA', 25),
(547, 'A   SUPATA', 25),
(548, 'A   SUSA', 25),
(549, 'A   SUTATAUSA', 25),
(550, 'A   TABIO', 25),
(551, 'A   TAUSA', 25),
(552, 'A   TENA', 25),
(553, 'A   TENJO', 25),
(554, 'A   TIBACUY', 25),
(555, 'A   TIBIRITA', 25),
(556, 'A   TOCAIMA', 25),
(557, 'A   TOCANCIPA', 25),
(558, 'A   TOPAIPI', 25),
(559, 'A   UBALA', 25),
(560, 'A   UBAQUE', 25),
(561, 'A   UBATE', 25),
(562, 'A   UNE', 25),
(563, 'A   UTICA', 25),
(564, 'A   VERGARA', 25),
(565, 'A   VIANI', 25),
(566, 'A   VILLAGOMEZ', 25),
(567, 'A   VILLAPINZON', 25),
(568, 'A   VILLETA', 25),
(569, 'A   VIOTA', 25),
(570, 'A   YACOPI', 25),
(571, 'A   ZIPACON', 25),
(572, 'A   ZIPAQUIRA', 25),
(573, 'QUIBDO', 27),
(574, 'ACANDI', 27),
(575, 'ALTO BAUDO (PIE DE PATO)', 27),
(576, 'ATRATO (YUTO)', 27),
(577, 'BAGADO', 27),
(578, 'BAHIA SOLANO (MUTIS)', 27),
(579, 'BAJO BAUDO   (PIZARRO)', 27),
(580, 'BOJAYA (BELLAVISTA)', 27),
(581, 'CANTON DEL SAN PABLO', 27),
(582, 'CONDOTO', 27),
(583, 'EL CARMEN', 27),
(584, 'EL LITORAL DEL SAN JUAN', 27),
(585, 'ITSMINA', 27),
(586, 'JURADO', 27),
(587, 'LLORO', 27),
(588, 'NOVITA', 27),
(589, 'NUQUI', 27),
(590, 'RIOSUCIO', 27),
(591, 'SAN JOSE DEL PALMAR', 27),
(592, 'SIPI', 27),
(593, 'TADO', 27),
(594, 'UNGUIA', 27),
(595, 'NEIVA', 41),
(596, 'ACEVEDO', 41),
(597, 'AGRADO', 41),
(598, 'AIPE', 41),
(599, 'ALGECIRAS', 41),
(600, 'ALTAMIRA', 41),
(601, 'BARAYA', 41),
(602, 'CAMPOALEGRE', 41),
(603, 'COLOMBIA', 41),
(604, 'ELIAS', 41),
(605, 'GARZON', 41),
(606, 'GIGANTE', 41),
(607, 'GUADALUPE', 41),
(608, 'HOBO', 41),
(609, 'IQUIRA', 41),
(610, 'ISNOS', 41),
(611, 'LA ARGENTINA', 41),
(612, 'LA PLATA', 41),
(613, 'NATAGA', 41),
(614, 'OPORAPA', 41),
(615, 'PAICOL', 41),
(616, 'PALERMO', 41),
(617, 'PALESTINA', 41),
(618, 'PITAL', 41),
(619, 'PITALITO', 41),
(620, 'RIVERA', 41),
(621, 'SALADOBLANCO', 41),
(622, 'SAN AGUSTIN', 41),
(623, 'SANTA MARIA', 41),
(624, 'SUAZA', 41),
(625, 'TARQUI', 41),
(626, 'TESALIA', 41),
(627, 'TELLO', 41),
(628, 'TERUEL', 41),
(629, 'TIMANA', 41),
(630, 'VILLAVIEJA', 41),
(631, 'YAGUARA', 41),
(632, 'RIOHACHA', 44),
(633, 'BARRANCAS', 44),
(634, 'DIBULLA', 44),
(635, 'DISTRACCION', 44),
(636, 'EL MOLINO', 44),
(637, 'FONSECA', 44),
(638, 'HATONUEVO', 44),
(639, 'MAICAO', 44),
(640, 'MANAURE', 44),
(641, 'SAN JUAN DEL CESAR', 44),
(642, 'URIBIA', 44),
(643, 'URUMITA', 44),
(644, 'VILLANUEVA', 44),
(645, 'SANTA MARTA', 47),
(646, 'ARACATACA', 47),
(647, 'ARIGUANI (EL DIFICIL)', 47),
(648, 'CERRO SAN ANTONIO', 47),
(649, 'CHIVOLO', 47),
(650, 'CIENAGA', 47),
(651, 'EL BANCO', 47),
(652, 'EL PI#ON', 47),
(653, 'EL RETEN', 47),
(654, 'FUNDACION', 47),
(655, 'GUAMAL', 47),
(656, 'PEDRAZA', 47),
(657, 'PIJI#O DEL CARMEN', 47),
(658, 'PIVIJAY', 47),
(659, 'PLATO', 47),
(660, 'PUEBLOVIEJO', 47),
(661, 'REMOLINO', 47),
(662, 'SALAMINA', 47),
(663, 'SAN SEBASTIAN DE BUENAVISTA', 47),
(664, 'SAN ZENON', 47),
(665, 'SANTA ANA', 47),
(666, 'SITIONUEVO', 47),
(667, 'TENERIFE', 47),
(668, 'ZONA BANANERA', 47),
(669, 'VILLAVICENCIO', 50),
(670, 'ACACIAS', 50),
(671, 'BARRANCA DE UPIA', 50),
(672, 'CABUYARO', 50),
(673, 'CASTILLA LA NUE', 50),
(674, 'CASTILLA LA NUEVA', 50),
(675, 'CUBARRAL', 50),
(676, 'CUMARAL', 50),
(677, 'EL CALVARIO', 50),
(678, 'EL CASTILLO', 50),
(679, 'EL DORADO', 50),
(680, 'FUENTE DE ORO', 50),
(681, 'GRANADA', 50),
(682, 'GUAMAL', 50),
(683, 'MAPIRIPAN', 50),
(684, 'MESETAS', 50),
(685, 'LA MACARENA', 50),
(686, 'LA URIBE', 50),
(687, 'LEJANIAS', 50),
(688, 'PUERTO CONCORDIA', 50),
(689, 'PUERTO GAITAN', 50),
(690, 'PUERTO LOPEZ', 50),
(691, 'PUERTO LLERAS', 50),
(692, 'PUERTO RICO', 50),
(693, 'RESTREPO', 50),
(694, 'SAN CARLOS DE GUAROA', 50),
(695, 'SAN JUAN DE ARAMA', 50),
(696, 'SAN JUANITO', 50),
(697, 'SAN MARTIN', 50),
(698, 'VISTA HERMOSA', 50),
(699, 'PASTO', 52),
(700, 'ALBAN (SAN JOSE)', 52),
(701, 'ALDANA', 52),
(702, 'ANCUYA', 52),
(703, 'ARBOLEDA (BERRUECOS)', 52),
(704, 'BARBACOAS', 52),
(705, 'BELEN', 52),
(706, 'BUESACO', 52),
(707, 'COLON (GENOVA)', 52),
(708, 'CONSACA', 52),
(709, 'CONTADERO', 52),
(710, 'CORDOBA', 52),
(711, 'CUASPUD (CARLOSAMA)', 52),
(712, 'CUMBAL', 52),
(713, 'CUMBITARA', 52),
(714, 'CHACHAGUI', 52),
(715, 'EL CHARCO', 52),
(716, 'EL ROSARIO', 52),
(717, 'EL TABLON', 52),
(718, 'EL TAMBO', 52),
(719, 'FUNES', 52),
(720, 'GUACHUCAL', 52),
(721, 'GUAITARILLA', 52),
(722, 'GUALMATAN', 52),
(723, 'ILES', 52),
(724, 'IMUES', 52),
(725, 'IPIALES', 52),
(726, 'LA CRUZ', 52),
(727, 'LA FLORIDA', 52),
(728, 'LA LLANADA', 52),
(729, 'LA TOLA', 52),
(730, 'LA UNION', 52),
(731, 'LEIVA', 52),
(732, 'LINARES', 52),
(733, 'LOS ANDES (SOTOMAYOR)', 52),
(734, 'MAGUI (PAYAN)', 52),
(735, 'MALLAMA (PIEDRANCHA)', 52),
(736, 'MOSQUERA', 52),
(737, 'OLAYA HERRERA', 52),
(738, 'OSPINA', 52),
(739, 'FRANCISCO PIZAR', 52),
(740, 'FRANCISCO PIZARRO', 52),
(741, 'POLICARPA', 52),
(742, 'POTOSI', 52),
(743, 'PROVIDENCIA', 52),
(744, 'PUERRES', 52),
(745, 'PUPIALES', 52),
(746, 'RICAURTE', 52),
(747, 'ROBERTO PAYAN (SAN JOSE)', 52),
(748, 'SAMANIEGO', 52),
(749, 'SANDONA', 52),
(750, 'SAN BERNARDO', 52),
(751, 'SAN LORENZO', 52),
(752, 'SAN PABLO', 52),
(753, 'SAN PEDRO DE CARTAGO', 52),
(754, 'SANTA BARBARA (ISCUANDE)', 52),
(755, 'SANTACRUZ (GUACHAVES)', 52),
(756, 'SAPUYES', 52),
(757, 'TAMINANGO', 52),
(758, 'TANGUA', 52),
(759, 'TUMACO', 52),
(760, 'TUQUERRES', 52),
(761, 'YACUANQUER', 52),
(762, 'NDERCUCUTA', 54),
(763, 'NDERABREGO', 54),
(764, 'NDERARBOLEDAS', 54),
(765, 'NDERBOCHALEMA', 54),
(766, 'NDERBUCARASICA', 54),
(767, 'NDERCACOTA', 54),
(768, 'NDERCACHIRA', 54),
(769, 'NDERCHINACOTA', 54),
(770, 'NDERCHITAGA', 54),
(771, 'NDERCONVENCION', 54),
(772, 'NDERCUCUTILLA', 54),
(773, 'NDERDURANIA', 54),
(774, 'NDEREL CARMEN', 54),
(775, 'NDEREL TARRA', 54),
(776, 'NDEREL ZULIA', 54),
(777, 'NDERGRAMALOTE', 54),
(778, 'NDERHACARI', 54),
(779, 'NDERHERRAN', 54),
(780, 'NDERLABATECA', 54),
(781, 'NDERLA ESPERANZA', 54),
(782, 'NDERLA PLAYA', 54),
(783, 'NDERLOS PATIOS', 54),
(784, 'NDERLOURDES', 54),
(785, 'NDERMUTISCUA', 54),
(786, 'NDEROCAÑA', 54),
(787, 'NDERPAMPLONA', 54),
(788, 'NDERPAMPLONITA', 54),
(789, 'NDERPUERTO SANTANDER', 54),
(790, 'NDERRAGONVALIA', 54),
(791, 'NDERSALAZAR', 54),
(792, 'NDERSAN CALIXTO', 54),
(793, 'NDERSAN CAYETANO', 54),
(794, 'NDERSANTIAGO', 54),
(795, 'NDERSARDINATA', 54),
(796, 'NDERSILOS', 54),
(797, 'NDERTEORAMA', 54),
(798, 'NDERTIBU', 54),
(799, 'NDERTOLEDO', 54),
(800, 'NDERVILLA CARO', 54),
(801, 'NDERVILLA DEL ROSARIO', 54),
(802, 'ARMENIA', 63),
(803, 'BUENAVISTA', 63),
(804, 'CALARCA', 63),
(805, 'CIRCASIA', 63),
(806, 'CORDOBA', 63),
(807, 'FILANDIA', 63),
(808, 'GENOVA', 63),
(809, 'LA TEBAIDA', 63),
(810, 'MONTENEGRO', 63),
(811, 'PIJAO', 63),
(812, 'QUIMBAYA', 63),
(813, 'SALENTO', 63),
(814, 'PEREIRA', 66),
(815, 'APIA', 66),
(816, 'BALBOA', 66),
(817, 'BELEN DE UMBRIA', 66),
(818, 'DOS QUEBRADAS', 66),
(819, 'GUATICA', 66),
(820, 'LA CELIA', 66),
(821, 'LA VIRGINIA', 66),
(822, 'MARSELLA', 66),
(823, 'MISTRATO', 66),
(824, 'PUEBLO RICO', 66),
(825, 'QUINCHIA', 66),
(826, 'SANTA ROSA DE CABAL', 66),
(827, 'SANTUARIO', 66),
(828, 'BUCARAMANGA', 68),
(829, 'AGUADA', 68),
(830, 'ALBANIA', 68),
(831, 'ARATOCA', 68),
(832, 'BARBOSA', 68),
(833, 'BARICHARA', 68),
(834, 'BARRANCABERMEJA', 68),
(835, 'BETULIA', 68),
(836, 'BOLIVAR', 68),
(837, 'CABRERA', 68),
(838, 'CALIFORNIA', 68),
(839, 'CAPITANEJO', 68),
(840, 'CARCASI', 68),
(841, 'CEPITA', 68),
(842, 'CERRITO', 68),
(843, 'CHARALA', 68),
(844, 'CHARTA', 68),
(845, 'CHIMA', 68),
(846, 'CHIPATA', 68),
(847, 'CIMITARRA', 68),
(848, 'CONCEPCION', 68),
(849, 'CONFINES', 68),
(850, 'CONTRATACION', 68),
(851, 'COROMORO', 68),
(852, 'CURITI', 68),
(853, 'EL CARMEN', 68),
(854, 'EL GUACAMAYO', 68),
(855, 'EL PE#ON', 68),
(856, 'EL PLAYON', 68),
(857, 'ENCINO', 68),
(858, 'ENCISO', 68),
(859, 'FLORIAN', 68),
(860, 'FLORIDABLANCA', 68),
(861, 'GALAN', 68),
(862, 'GAMBITA', 68),
(863, 'GIRON', 68),
(864, 'GUACA', 68),
(865, 'GUADALUPE', 68),
(866, 'GUAPOTA', 68),
(867, 'GUAVATA', 68),
(868, 'GUEPSA', 68),
(869, 'HATO', 68),
(870, 'JESUS MARIA', 68),
(871, 'JORDAN', 68),
(872, 'LA BELLEZA', 68),
(873, 'LANDAZURI', 68),
(874, 'LA PAZ', 68),
(875, 'LEBRIJA', 68),
(876, 'LOS SANTOS', 68),
(877, 'MACARAVITA', 68),
(878, 'MALAGA', 68),
(879, 'MATANZA', 68),
(880, 'MOGOTES', 68),
(881, 'MOLAGAVITA', 68),
(882, 'OCAMONTE', 68),
(883, 'OIBA', 68),
(884, 'ONZAGA', 68),
(885, 'PALMAR', 68),
(886, 'PALMAS DEL SOCORRO', 68),
(887, 'PARAMO', 68),
(888, 'PIEDECUESTA', 68),
(889, 'PINCHOTE', 68),
(890, 'PUENTE NACIONAL', 68),
(891, 'PUERTO PARRA', 68),
(892, 'PUERTO WILCHES', 68),
(893, 'RIONEGRO', 68),
(894, 'SABANA DE TORRES', 68),
(895, 'SAN ANDRES', 68),
(896, 'SAN BENITO', 68),
(897, 'SAN GIL', 68),
(898, 'SAN JOAQUIN', 68),
(899, 'SAN JOSE DE MIRANDA', 68),
(900, 'SAN MIGUEL', 68),
(901, 'SAN VICENTE DE CHUCURI', 68),
(902, 'SANTA BARBARA', 68),
(903, 'SANTA HELENA DEL OPON', 68),
(904, 'SIMACOTA', 68),
(905, 'SOCORRO', 68),
(906, 'SUAITA', 68),
(907, 'SUCRE', 68),
(908, 'SURATA', 68),
(909, 'TONA', 68),
(910, 'VALLE DE SAN JOSE', 68),
(911, 'VELEZ', 68),
(912, 'VETAS', 68),
(913, 'VILLANUEVA', 68),
(914, 'ZAPATOCA', 68),
(915, 'SINCELEJO', 70),
(916, 'BUENAVISTA', 70),
(917, 'CAIMITO', 70),
(918, 'COLOSO (RICAURTE) (RICAURTE)', 70),
(919, 'COROZAL', 70),
(920, 'CHALAN', 70),
(921, 'GALERAS (NUEVA GRANADA)', 70),
(922, 'GUARANDA', 70),
(923, 'LA UNION', 70),
(924, 'LOS PALMITOS', 70),
(925, 'MAJAGUAL', 70),
(926, 'MORROA', 70),
(927, 'OVEJAS', 70),
(928, 'PALMITO', 70),
(929, 'SAMPUES', 70),
(930, 'SAN BENITO ABAD', 70),
(931, 'SAN JUAN DE BETULIA', 70),
(932, 'SAN MARCOS', 70),
(933, 'SAN ONOFRE', 70),
(934, 'SAN PEDRO', 70),
(935, 'SINCE', 70),
(936, 'SUCRE', 70),
(937, 'TOLU', 70),
(938, 'TOLUVIEJO', 70),
(939, 'IBAGUE', 73),
(940, 'ALPUJARRA', 73),
(941, 'ALVARADO', 73),
(942, 'AMBALEMA', 73),
(943, 'ANZOATEGUI', 73),
(944, 'ARMERO (GUAYABAL)', 73),
(945, 'ATACO', 73),
(946, 'CAJAMARCA', 73),
(947, 'CARMEN DE APICALA', 73),
(948, 'CASABIANCA', 73),
(949, 'CHAPARRAL', 73),
(950, 'COELLO', 73),
(951, 'COYAIMA', 73),
(952, 'CUNDAY', 73),
(953, 'DOLORES', 73),
(954, 'ESPINAL', 73),
(955, 'FALAN', 73),
(956, 'FLANDES', 73),
(957, 'FRESNO', 73),
(958, 'GUAMO', 73),
(959, 'HERVEO', 73),
(960, 'HONDA', 73),
(961, 'ICONONZO', 73),
(962, 'LERIDA', 73),
(963, 'LIBANO', 73),
(964, 'MARIQUITA', 73),
(965, 'MELGAR', 73),
(966, 'MURILLO', 73),
(967, 'NATAGAIMA', 73),
(968, 'ORTEGA', 73),
(969, 'PALOCABILDO', 73),
(970, 'PIEDRAS', 73),
(971, 'PLANADAS', 73),
(972, 'PRADO', 73),
(973, 'PURIFICACION', 73),
(974, 'RIOBLANCO', 73),
(975, 'RONCESVALLES', 73),
(976, 'ROVIRA', 73),
(977, 'SALDA#A', 73),
(978, 'SAN ANTONIO', 73),
(979, 'SAN LUIS', 73),
(980, 'SANTA ISABEL', 73),
(981, 'SUAREZ', 73),
(982, 'VALLE DE SAN JUAN', 73),
(983, 'VENADILLO', 73),
(984, 'VILLAHERMOSA', 73),
(985, 'VILLARRICA', 73),
(986, 'CALI', 76),
(987, 'ALCALA', 76),
(988, 'ANDALUCIA', 76),
(989, 'ANSERMANUEVO', 76),
(990, 'ARGELIA', 76),
(991, 'BOLIVAR', 76),
(992, 'BUENAVENTURA', 76),
(993, 'BUGA', 76),
(994, 'BUGALAGRANDE', 76),
(995, 'CAICEDONIA', 76),
(996, 'CALIMA (DARIEN)', 76),
(997, 'CANDELARIA', 76),
(998, 'CARTAGO', 76),
(999, 'DAGUA', 76),
(1000, 'EL AGUILA', 76),
(1001, 'EL CAIRO', 76),
(1002, 'EL CERRITO', 76),
(1003, 'EL DOVIO', 76),
(1004, 'FLORIDA', 76),
(1005, 'GINEBRA', 76),
(1006, 'GUACARI', 76),
(1007, 'JAMUNDI', 76),
(1008, 'LA CUMBRE', 76),
(1009, 'LA UNION', 76),
(1010, 'LA VICTORIA', 76),
(1011, 'OBANDO', 76),
(1012, 'PALMIRA', 76),
(1013, 'PRADERA', 76),
(1014, 'RESTREPO', 76),
(1015, 'RIOFRIO', 76),
(1016, 'ROLDANILLO', 76),
(1017, 'SAN PEDRO', 76),
(1018, 'SEVILLA', 76),
(1019, 'TORO', 76),
(1020, 'TRUJILLO', 76),
(1021, 'TULUA', 76),
(1022, 'ULLOA', 76),
(1023, 'VERSALLES', 76),
(1024, 'VIJES', 76),
(1025, 'YOTOCO', 76),
(1026, 'YUMBO', 76),
(1027, 'ZARZAL', 76),
(1028, 'ARAUCA', 81),
(1029, 'ARAUQUITA', 81),
(1030, 'CRAVO NORTE', 81),
(1031, 'FORTUL', 81),
(1032, 'PUERTO RONDON', 81),
(1033, 'SARAVENA', 81),
(1034, 'TAME', 81),
(1035, 'YOPAL', 85),
(1036, 'AGUAZUL', 85),
(1037, 'CHAMEZA', 85),
(1038, 'HATO COROZAL', 85),
(1039, 'LA SALINA', 85),
(1040, 'MANI', 85),
(1041, 'MONTERREY', 85),
(1042, 'NUNCHIA', 85),
(1043, 'OROCUE', 85),
(1044, 'PAZ DE ARIPORO', 85),
(1045, 'PORE', 85),
(1046, 'RECETOR', 85),
(1047, 'SABANALARGA', 85),
(1048, 'SACAMA', 85),
(1049, 'SAN LUIS DE PALENQUE', 85),
(1050, 'TAMARA', 85),
(1051, 'TAURAMENA', 85),
(1052, 'TRINIDAD', 85),
(1053, 'VILLANUEVA', 85),
(1054, 'MOCOA', 86),
(1055, 'COLON', 86),
(1056, 'ORITO', 86),
(1057, 'PUERTO ASIS', 86),
(1058, 'PUERTO CAICEDO', 86),
(1059, 'PUERTO GUZMAN', 86),
(1060, 'PUERTO  LEGUIZAMO', 86),
(1061, 'SIBUNDOY', 86),
(1062, 'SAN FRANCISCO', 86),
(1063, 'SAN MIGUEL', 86),
(1064, 'SANTIAGO', 86),
(1065, 'VILLA GUAMEZ (LA HORMIGA)', 86),
(1066, 'VILLAGARZON', 86),
(1067, 'SAN ANDRES', 88),
(1068, 'PROVIDENCIA', 88),
(1069, 'LETICIA', 91),
(1070, 'EL ENCANTO', 91),
(1071, 'LA CHORRERA', 91),
(1072, 'LA PEDRERA', 91),
(1073, 'LA VICTORIA', 91),
(1074, 'MIRITI-PARANA', 91),
(1075, 'PUERTO ALEGRIA', 91),
(1076, 'PUERTO ARICA', 91),
(1077, 'PUERTO NARI#O', 91),
(1078, 'PTO SANTANDER', 91),
(1079, 'TARAPACA', 91),
(1080, 'INIRIDA', 94),
(1081, 'GUAVIARE (BARRANCO MINAS)', 94),
(1082, 'SAN FELIPE', 94),
(1083, 'PUERTO COLOMBIA', 94),
(1084, 'LA GUADALUPE', 94),
(1085, 'CACAHUAL', 94),
(1086, 'PANA PANA', 94),
(1087, 'MORICHAL NUEVO', 94),
(1088, 'SAN JOSE DEL GUAVIARE', 95),
(1089, 'CALAMAR', 95),
(1090, 'EL RETORNO', 95),
(1091, 'MIRAFLORES', 95),
(1092, 'MITU', 97),
(1093, 'CARURU', 97),
(1094, 'PACOA', 97),
(1095, 'TARAIRA', 97),
(1096, 'PAPUNAUA', 97),
(1097, 'YAVARATE', 97),
(1098, 'PUERTO CARRE#O', 99),
(1099, 'LA PRIMAVERA', 99),
(1100, 'SANTA ROSALIA', 99),
(1101, 'CURAMIBO', 99),
(1102, 'AFGHANISTAN', 100),
(1103, 'ALAND ISLANDS', 101),
(1104, 'ALBANIA', 102),
(1105, 'ALEMANIA', 103),
(1106, 'ALGERIA', 104),
(1107, 'AMERICAN SAMOA', 105),
(1108, 'ANDORRA', 106),
(1109, 'ANGOLA', 107),
(1110, 'ANGUILLA', 108),
(1111, 'ANTARCTICA', 109),
(1112, 'ANTIGUA Y BARBUDA', 110),
(1113, 'ARABIA SAUDITA', 111),
(1114, 'ARGENTINA', 112),
(1115, 'ARMENIA', 113),
(1116, 'ARUBA', 114),
(1117, 'ASIA / REGION PACIFICO', 115),
(1118, 'AUSTRALIA', 116),
(1119, 'AUSTRIA', 117),
(1120, 'AZERBAIJAN', 118),
(1121, 'BAHAMAS', 119),
(1122, 'BAHRAIN', 120),
(1123, 'BANGLADESH', 121),
(1124, 'BARBADOS', 122),
(1125, 'BELARUS', 123),
(1126, 'BELGICA', 124),
(1127, 'BELICE', 125),
(1128, 'BENIN', 126),
(1129, 'BERMUDA', 127),
(1130, 'BHUTAN', 128),
(1131, 'BOLIVIA', 129),
(1132, 'BONAIR', 130),
(1133, 'BOSNIA AND HERZEGOVINA', 131),
(1134, 'BOTSWANA', 132),
(1135, 'BRASIL', 133),
(1136, 'BRITISH INDIAN OCEAN TERRITORY', 134),
(1137, 'BRUNEI DARUSSALAM', 135),
(1138, 'BULGARIA', 136),
(1139, 'BURKINA FASO', 137),
(1140, 'BURUNDI', 138),
(1141, 'CABO VERDE', 139),
(1142, 'CAMBOYA', 140),
(1143, 'CAMERUN', 141),
(1144, 'CANADA', 142),
(1145, 'CHAD', 143),
(1146, 'CHILE', 144),
(1147, 'CHINA', 145),
(1148, 'CHIPRE', 146),
(1149, 'COCOS (KEELING) ISLANDS', 147),
(1150, 'COMOROS', 149),
(1151, 'CONG', 150),
(1152, 'CONGO', 151),
(1153, 'COOK ISLANDS', 152),
(1154, 'COSTA RICA', 153),
(1155, 'COTE D IVOIRE', 154),
(1156, 'CROACIA', 155),
(1157, 'CUBA', 156),
(1158, 'CURACAO', 157),
(1159, 'DINAMARCA', 158),
(1160, 'DJIBOUTI', 159),
(1161, 'DOMINICA', 160),
(1162, 'ECUADOR', 161),
(1163, 'EGIPTO', 162),
(1164, 'EL SALVADOR', 163),
(1165, 'EMIRATOS ARABES UNIDOS', 164),
(1166, 'ERITREA', 165),
(1167, 'ESLOVAQUIA', 166),
(1168, 'ESLOVENIA', 167),
(1169, 'ESPAÑA', 168),
(1170, 'ESTADOS UNIDOS', 169),
(1171, 'ESTONIA', 170),
(1172, 'ETIOPIA', 171),
(1173, 'FAROE ISLANDS', 172),
(1174, 'FIJI', 173),
(1175, 'FILIPINAS', 174),
(1176, 'FINLANDIA', 175),
(1177, 'FRANCIA', 176),
(1178, 'FRENCH POLYNESIA', 177),
(1179, 'GABON', 178),
(1180, 'GAMBIA', 179),
(1181, 'GANA', 180),
(1182, 'GEORGIA', 181),
(1183, 'GIBRALTAR', 182),
(1184, 'GRANADA', 183),
(1185, 'GRECIA', 184),
(1186, 'GROENLANDIA', 185),
(1187, 'GUADELOUPE', 186),
(1188, 'GUAM', 187),
(1189, 'GUATEMALA', 188),
(1190, 'GUERNSEY', 189),
(1191, 'GUINEA', 190),
(1192, 'GUINEA ECUATORIAL', 191),
(1193, 'GUINEA-BISSAU', 192),
(1194, 'GUYANA', 193),
(1195, 'GUYANA FRANCESA', 194),
(1196, 'HAITI', 195),
(1197, 'HOLANDA, PAISES BAJOS', 196),
(1198, 'HOLY SEE (VATICAN CITY STATE)', 197),
(1199, 'HONDURAS', 198),
(1200, 'HUNGRIA', 199),
(1201, 'INDIA', 200),
(1202, 'INDONESIA', 201),
(1203, 'IRA', 202),
(1204, 'IRAQ', 203),
(1205, 'IRLANDA', 204),
(1206, 'ISLANDIA', 205),
(1207, 'ISLAS (MALVINAS)', 206),
(1208, 'ISLAS CAIMAN', 207),
(1209, 'ISLAS DE PASCUA', 208),
(1210, 'ISLAS SALOMON', 209),
(1211, 'ISLE OF MAN', 210),
(1212, 'ISRAEL', 211),
(1213, 'ITALIA', 212),
(1214, 'JAMAICA', 213),
(1215, 'JAPAN', 214),
(1216, 'JERSEY', 215),
(1217, 'JORDAN', 216),
(1218, 'KAZAKHSTAN', 217),
(1219, 'KENYA', 218),
(1220, 'KIRIBATI', 219),
(1221, 'KORE', 220),
(1222, 'KUWAIT', 221),
(1223, 'KYRGYZSTAN', 222),
(1224, 'LAO PEOPLE S DEMOCRATIC REPUBLIC', 223),
(1225, 'LATVIA', 224),
(1226, 'LEBANON', 225),
(1227, 'LESOTHO', 226),
(1228, 'LIBERIA', 227),
(1229, 'LIBYA', 228),
(1230, 'LIECHTENSTEIN', 229),
(1231, 'LITHUANIA', 230),
(1232, 'LUXEMBOURG', 231),
(1233, 'MACAU', 232),
(1234, 'MACEDONIA', 233),
(1235, 'MADAGASCAR', 234),
(1236, 'MALASIA', 235),
(1237, 'MALAWI', 236),
(1238, 'MALDIVES', 237),
(1239, 'MALI', 238),
(1240, 'MALTA', 239),
(1241, 'MARRUECOS', 240),
(1242, 'MARSHALL ISLANDS', 241),
(1243, 'MARTINIQUE', 242),
(1244, 'MAURITANIA', 243),
(1245, 'MAURITIUS', 244),
(1246, 'MAYOTTE', 245),
(1247, 'MEXICO', 246),
(1248, 'MICRONESI', 247),
(1249, 'MOLDOV', 248),
(1250, 'MONACO', 249),
(1251, 'MONGOLIA', 250),
(1252, 'MONTENEGRO', 251),
(1253, 'MONTSERRAT', 252),
(1254, 'MOZAMBIQUE', 253),
(1255, 'MYANMAR', 254),
(1256, 'NAMIBIA', 255),
(1257, 'NAURU', 256),
(1258, 'NEPAL', 257),
(1259, 'NICARAGUA', 258),
(1260, 'NIGER', 259),
(1261, 'NIGERIA', 260),
(1262, 'NIUE', 261),
(1263, 'NORFOLK ISLAND', 262),
(1264, 'NORTHERN MARIANA ISLANDS', 263),
(1265, 'NORUEGA', 264),
(1266, 'NUEVA CALEDONIA', 265),
(1267, 'NUEVA ZELANDIA', 266),
(1268, 'OMAN', 267),
(1269, 'PAKISTAN', 268),
(1270, 'PALAU', 269),
(1271, 'PALESTINA', 270),
(1272, 'PANAMA', 271),
(1273, 'PAPUA NEW GUINEA', 272),
(1274, 'PARAGUAY', 273),
(1275, 'PERU', 274),
(1276, 'PITCAIRN ISLANDS', 275),
(1277, 'POLONIA', 276),
(1278, 'PORTUGAL', 277),
(1279, 'PUERTO RICO', 278),
(1280, 'QATAR', 279),
(1281, 'REINO UNIDO', 280),
(1282, 'REPUBLICA CENTRAL DE AFRICA', 281),
(1283, 'REPUBLICA CHECA', 282),
(1284, 'REPUBLICA DOMINICANA', 283),
(1285, 'REUNION', 284),
(1286, 'ROMANIA', 285),
(1287, 'RUANDA', 286),
(1288, 'RUSIA', 287),
(1289, 'SAINT BARTHELEMY', 288),
(1290, 'SAINT HELENA', 289),
(1291, 'SAINT KITTS AND NEVIS', 290),
(1292, 'SAINT PIERRE AND MIQUELON', 291),
(1293, 'SAINT VINCENT AND THE GRENADINES', 292),
(1294, 'SAMOA', 293),
(1295, 'SAN MARINO', 294),
(1296, 'SAN MARTIN', 295),
(1297, 'SANTA LUCIA', 296),
(1298, 'SAO TOME AND PRINCIPE', 297),
(1299, 'SENEGAL', 298),
(1300, 'SERBIA', 299),
(1301, 'SEYCHELLES', 300),
(1302, 'SIERRA LEONE', 301),
(1303, 'SINGAPUR', 302),
(1304, 'SINT MAARTEN (DUTCH PART)', 303),
(1305, 'SIRIA REPUBLICA ARABE', 304),
(1306, 'SOMALIA', 305),
(1307, 'SOUTH GEORGIA AND THE SOUTH SANDWICH ISLANDS', 306),
(1308, 'SRI LANKA', 307),
(1309, 'SUDAFRICA', 308),
(1310, 'SUDAN', 309),
(1311, 'SUDAN DEL SUR', 310),
(1312, 'SUECIA', 311),
(1313, 'SUIZA', 312),
(1314, 'SURINAM', 313),
(1315, 'SVALBARD AND JAN MAYEN', 314),
(1316, 'SWAZILAND', 315),
(1317, 'TAILANDIA', 316),
(1318, 'TAIWAN', 317),
(1319, 'TAJIKISTAN', 318),
(1320, 'TANZANIA', 319),
(1321, 'TIMOR-LESTE', 320),
(1322, 'TOGO', 321),
(1323, 'TOKELAU', 322),
(1324, 'TONGA', 323),
(1325, 'TRINIDAD Y TOBAGO', 324),
(1326, 'TUNISIA', 325),
(1327, 'TURKMENISTAN', 326),
(1328, 'TURKS AND CAICOS ISLANDS', 327),
(1329, 'TURQUIA', 328),
(1330, 'TUVALU', 329),
(1331, 'UCRANIA', 330),
(1332, 'UGANDA', 331),
(1333, 'UNITED STATES MINOR OUTLYING ISLANDS', 332),
(1334, 'URUGUAY', 333),
(1335, 'UZBEKISTAN', 334),
(1336, 'VANUATU', 335),
(1337, 'VENEZUELA', 336),
(1338, 'VIETNAM', 337),
(1339, 'VIRGIN ISLAND', 338),
(1340, 'WALLIS AND FUTUNA', 339),
(1341, 'WESTERN SAHARA', 340),
(1342, 'YEMEN', 341),
(1343, 'ZAMBIA', 342),
(1344, 'ZIMBABWE', 343),
(1345, 'No Aplica', 5),
(1346, 'No Aplica', 8),
(1347, 'No Aplica', 11),
(1348, 'No Aplica', 13),
(1349, 'No Aplica', 15),
(1350, 'No Aplica', 17),
(1351, 'No Aplica', 18),
(1352, 'No Aplica', 19),
(1353, 'No Aplica', 20),
(1354, 'No Aplica', 23),
(1355, 'No Aplica', 25),
(1356, 'No Aplica', 27),
(1357, 'No Aplica', 41),
(1358, 'No Aplica', 44),
(1359, 'No Aplica', 47),
(1360, 'No Aplica', 50),
(1361, 'No Aplica', 52),
(1362, 'No Aplica', 63),
(1363, 'No Aplica', 54),
(1364, 'No Aplica', 66),
(1365, 'No Aplica', 68),
(1366, 'No Aplica', 70),
(1367, 'No Aplica', 73),
(1368, 'No Aplica', 76),
(1369, 'No Aplica', 81),
(1370, 'No Aplica', 85),
(1371, 'No Aplica', 86),
(1372, 'No Aplica', 88),
(1373, 'No Aplica', 91),
(1374, 'No Aplica', 94),
(1375, 'No Aplica', 95),
(1376, 'No Aplica', 97),
(1377, 'No Aplica', 99),
(1378, 'No Aplica', 344),
(1379, 'ALBANIA', 44),
(1380, 'COVEÑAS', 70),
(1381, 'RIO FRIO', 47);

-- --------------------------------------------------------

--
-- Estructura de tabla para la tabla `glopaises`
--

CREATE TABLE `glopaises` (
  `paicodigo` int(11) NOT NULL,
  `painombre` varchar(500) COLLATE utf8_spanish2_ci NOT NULL COMMENT 'Nombre de pais',
  `paiclave` varchar(10) COLLATE utf8_spanish2_ci DEFAULT NULL COMMENT 'clave del pais'
) ENGINE=InnoDB DEFAULT CHARSET=utf8 COLLATE=utf8_spanish2_ci;

--
-- Volcado de datos para la tabla `glopaises`
--

INSERT INTO `glopaises` (`paicodigo`, `painombre`, `paiclave`) VALUES
(0, 'No aplica', 'NA'),
(1, 'AFGHANISTAN', 'AF'),
(2, 'ALAND ISLANDS', 'AX'),
(3, 'ALBANIA', 'AL'),
(4, 'ALEMANIA', 'DE'),
(5, 'ALGERIA', 'DZ'),
(6, 'AMERICAN SAMOA', 'AS'),
(7, 'ANDORRA', 'AD'),
(8, 'ANGOLA', 'AO'),
(9, 'ANGUILLA', 'AI'),
(10, 'ANTARCTICA', 'AQ'),
(11, 'ANTIGUA Y BARBUDA', 'AG'),
(12, 'ARABIA SAUDITA', 'SA'),
(13, 'ARGENTINA', 'AR'),
(14, 'ARMENIA', 'AM'),
(15, 'ARUBA', 'AW'),
(16, 'ASIA / REGION PACIFICO', 'AP'),
(17, 'AUSTRALIA', 'AU'),
(18, 'AUSTRIA', 'AT'),
(19, 'AZERBAIJAN', 'AZ'),
(20, 'BAHAMAS', 'BS'),
(21, 'BAHRAIN', 'BH'),
(22, 'BANGLADESH', 'BD'),
(23, 'BARBADOS', 'BB'),
(24, 'BELARUS', 'BY'),
(25, 'BELGICA', 'BE'),
(26, 'BELICE', 'BZ'),
(27, 'BENIN', 'BJ'),
(28, 'BERMUDA', 'BM'),
(29, 'BHUTAN', 'BT'),
(30, 'BOLIVIA', 'BO'),
(31, 'BONAIR', 'BQ'),
(32, 'BOSNIA AND HERZEGOVINA', 'BA'),
(33, 'BOTSWANA', 'BW'),
(34, 'BRASIL', 'BR'),
(35, 'BRITISH INDIAN OCEAN TERRITORY', 'IO'),
(36, 'BRUNEI DARUSSALAM', 'BN'),
(37, 'BULGARIA', 'BG'),
(38, 'BURKINA FASO', 'BF'),
(39, 'BURUNDI', 'BI'),
(40, 'CABO VERDE', 'CV'),
(41, 'CAMBOYA', 'KH'),
(42, 'CAMERUN', 'CM'),
(43, 'CANADA', 'CA'),
(44, 'CHAD', 'TD'),
(45, 'CHILE', 'CL'),
(46, 'CHINA', 'CN'),
(47, 'CHIPRE', 'CY'),
(48, 'COCOS (KEELING) ISLANDS', 'CC'),
(49, 'COLOMBIA', 'CO'),
(50, 'COMOROS', 'KM'),
(51, 'CONG', 'CD'),
(52, 'CONGO', 'CG'),
(53, 'COOK ISLANDS', 'CK'),
(54, 'COSTA RICA', 'CR'),
(55, 'COTE D IVOIRE', 'CI'),
(56, 'CROACIA', 'HR'),
(57, 'CUBA', 'CU'),
(58, 'CURACAO', 'CW'),
(59, 'DINAMARCA', 'DK'),
(60, 'DJIBOUTI', 'DJ'),
(61, 'DOMINICA', 'DM'),
(62, 'ECUADOR', 'EC'),
(63, 'EGIPTO', 'EG'),
(64, 'EL SALVADOR', 'SV'),
(65, 'EMIRATOS ARABES UNIDOS', 'AE'),
(66, 'ERITREA', 'ER'),
(67, 'ESLOVAQUIA', 'SK'),
(68, 'ESLOVENIA', 'SI'),
(69, 'ESPAÑA', 'ES'),
(70, 'ESTADOS UNIDOS', 'US'),
(71, 'ESTONIA', 'EE'),
(72, 'ETIOPIA', 'ET'),
(73, 'FAROE ISLANDS', 'FO'),
(74, 'FIJI', 'FJ'),
(75, 'FILIPINAS', 'PH'),
(76, 'FINLANDIA', 'FI'),
(77, 'FRANCIA', 'FR'),
(78, 'FRENCH POLYNESIA', 'PF'),
(79, 'GABON', 'GA'),
(80, 'GAMBIA', 'GM'),
(81, 'GANA', 'GH'),
(82, 'GEORGIA', 'GE'),
(83, 'GIBRALTAR', 'GI'),
(84, 'GRANADA', 'GD'),
(85, 'GRECIA', 'GR'),
(86, 'GROENLANDIA', 'GL'),
(87, 'GUADELOUPE', 'GP'),
(88, 'GUAM', 'GU'),
(89, 'GUATEMALA', 'GT'),
(90, 'GUERNSEY', 'GG'),
(91, 'GUINEA', 'GN'),
(92, 'GUINEA ECUATORIAL', 'GQ'),
(93, 'GUINEA-BISSAU', 'GW'),
(94, 'GUYANA', 'GY'),
(95, 'GUYANA FRANCESA', 'GF'),
(96, 'HAITI', 'HT'),
(97, 'HOLANDA, PAISES BAJOS', 'NL'),
(98, 'HOLY SEE (VATICAN CITY STATE)', 'VA'),
(99, 'HONDURAS', 'HN'),
(100, 'HUNGRIA', 'HU'),
(101, 'INDIA', 'IN'),
(102, 'INDONESIA', 'ID'),
(103, 'IRA', 'IR'),
(104, 'IRAQ', 'IQ'),
(105, 'IRLANDA', 'IE'),
(106, 'ISLANDIA', 'IS'),
(107, 'ISLAS (MALVINAS)', 'FK'),
(108, 'ISLAS CAIMAN', 'KY'),
(109, 'ISLAS DE PASCUA', 'CX'),
(110, 'ISLAS SALOMON', 'SB'),
(111, 'ISLE OF MAN', 'IM'),
(112, 'ISRAEL', 'IL'),
(113, 'ITALIA', 'IT'),
(114, 'JAMAICA', 'JM'),
(115, 'JAPAN', 'JP'),
(116, 'JERSEY', 'JE'),
(117, 'JORDAN', 'JO'),
(118, 'KAZAKHSTAN', 'KZ'),
(119, 'KENYA', 'KE'),
(120, 'KIRIBATI', 'KI'),
(121, 'KORE', 'KR'),
(122, 'KUWAIT', 'KW'),
(123, 'KYRGYZSTAN', 'KG'),
(124, 'LAO PEOPLES DEMOCRATIC REPUBLIC', 'LA'),
(125, 'LATVIA', 'LV'),
(126, 'LEBANON', 'LB'),
(127, 'LESOTHO', 'LS'),
(128, 'LIBERIA', 'LR'),
(129, 'LIBYA', 'LY'),
(130, 'LIECHTENSTEIN', 'LI'),
(131, 'LITHUANIA', 'LT'),
(132, 'LUXEMBOURG', 'LU'),
(133, 'MACAU', 'MO'),
(134, 'MACEDONIA', 'MK'),
(135, 'MADAGASCAR', 'MG'),
(136, 'MALASIA', 'MY'),
(137, 'MALAWI', 'MW'),
(138, 'MALDIVES', 'MV'),
(139, 'MALI', 'ML'),
(140, 'MALTA', 'MT'),
(141, 'MARRUECOS', 'MA'),
(142, 'MARSHALL ISLANDS', 'MH'),
(143, 'MARTINIQUE', 'MQ'),
(144, 'MAURITANIA', 'MR'),
(145, 'MAURITIUS', 'MU'),
(146, 'MAYOTTE', 'YT'),
(147, 'MEXICO', 'MX'),
(148, 'MICRONESI', 'FM'),
(149, 'MOLDOV', 'MD'),
(150, 'MONACO', 'MC'),
(151, 'MONGOLIA', 'MN'),
(152, 'MONTENEGRO', 'ME'),
(153, 'MONTSERRAT', 'MS'),
(154, 'MOZAMBIQUE', 'MZ'),
(155, 'MYANMAR', 'MM'),
(156, 'NAMIBIA', 'NA'),
(157, 'NAURU', 'NR'),
(158, 'NEPAL', 'NP'),
(159, 'NICARAGUA', 'NI'),
(160, 'NIGER', 'NE'),
(161, 'NIGERIA', 'NG'),
(162, 'NIUE', 'NU'),
(163, 'NORFOLK ISLAND', 'NF'),
(164, 'NORTHERN MARIANA ISLANDS', 'MP'),
(165, 'NORUEGA', 'NO'),
(166, 'NUEVA CALEDONIA', 'NC'),
(167, 'NUEVA ZELANDIA', 'NZ'),
(168, 'OMAN', 'OM'),
(169, 'PAKISTAN', 'PK'),
(170, 'PALAU', 'PW'),
(171, 'PALESTINA', 'PS'),
(172, 'PANAMA', 'PA'),
(173, 'PAPUA NEW GUINEA', 'PG'),
(174, 'PARAGUAY', 'PY'),
(175, 'PERU', 'PE'),
(176, 'PITCAIRN ISLANDS', 'PN'),
(177, 'POLONIA', 'PL'),
(178, 'PORTUGAL', 'PT'),
(179, 'PUERTO RICO', 'PR'),
(180, 'QATAR', 'QA'),
(181, 'REINO UNIDO', 'GB'),
(182, 'REPUBLICA CENTRAL DE AFRICA', 'CF'),
(183, 'REPUBLICA CHECA', 'CZ'),
(184, 'REPUBLICA DOMINICANA', 'DO'),
(185, 'REUNION', 'RE'),
(186, 'ROMANIA', 'RO'),
(187, 'RUANDA', 'RW'),
(188, 'RUSIA', 'RU'),
(189, 'SAINT BARTHELEMY', 'BL'),
(190, 'SAINT HELENA', 'SH'),
(191, 'SAINT KITTS AND NEVIS', 'KN'),
(192, 'SAINT PIERRE AND MIQUELON', 'PM'),
(193, 'SAINT VINCENT AND THE GRENADINES', 'VC'),
(194, 'SAMOA', 'WS'),
(195, 'SAN MARINO', 'SM'),
(196, 'SAN MARTIN', 'MF'),
(197, 'SANTA LUCIA', 'LC'),
(198, 'SAO TOME AND PRINCIPE', 'ST'),
(199, 'SENEGAL', 'SN'),
(200, 'SERBIA', 'RS'),
(201, 'SEYCHELLES', 'SC'),
(202, 'SIERRA LEONE', 'SL'),
(203, 'SINGAPUR', 'SG'),
(204, 'SINT MAARTEN (DUTCH PART)', 'SX'),
(205, 'SIRIA REPUBLICA ARABE', 'SY'),
(206, 'SOMALIA', 'SO'),
(207, 'SOUTH GEORGIA AND THE SOUTH SANDWICH ISLANDS', 'GS'),
(208, 'SRI LANKA', 'LK'),
(209, 'SUDAFRICA', 'ZA'),
(210, 'SUDAN', 'SD'),
(211, 'SUDAN DEL SUR', 'SS'),
(212, 'SUECIA', 'SE'),
(213, 'SUIZA', 'CH'),
(214, 'SURINAM', 'SR'),
(215, 'SVALBARD AND JAN MAYEN', 'SJ'),
(216, 'SWAZILAND', 'SZ'),
(217, 'TAILANDIA', 'TH'),
(218, 'TAIWAN', 'TW'),
(219, 'TAJIKISTAN', 'TJ'),
(220, 'TANZANIA', 'TZ'),
(221, 'TIMOR-LESTE', 'TL'),
(222, 'TOGO', 'TG'),
(223, 'TOKELAU', 'TK'),
(224, 'TONGA', 'TO'),
(225, 'TRINIDAD Y TOBAGO', 'TT'),
(226, 'TUNISIA', 'TN'),
(227, 'TURKMENISTAN', 'TM'),
(228, 'TURKS AND CAICOS ISLANDS', 'TC'),
(229, 'TURQUIA', 'TR'),
(230, 'TUVALU', 'TV'),
(231, 'UCRANIA', 'UA'),
(232, 'UGANDA', 'UG'),
(233, 'UNITED STATES MINOR OUTLYING ISLANDS', 'UM'),
(234, 'URUGUAY', 'UY'),
(235, 'UZBEKISTAN', 'UZ'),
(236, 'VANUATU', 'VU'),
(237, 'VENEZUELA', 'VE'),
(238, 'VIETNAM', 'VN'),
(239, 'VIRGIN ISLAND', 'VG'),
(240, 'WALLIS AND FUTUNA', 'WF'),
(241, 'WESTERN SAHARA', 'EH'),
(242, 'YEMEN', 'YE'),
(243, 'ZAMBIA', 'ZM'),
(244, 'ZIMBABWE', 'ZW');

-- --------------------------------------------------------

--
-- Estructura de tabla para la tabla `glorelaprendices`
--

CREATE TABLE `glorelaprendices` (
  `relaprcodigo` int(11) NOT NULL,
  `relaprAprendiz` int(11) NOT NULL COMMENT 'codigo de aprendiz ->tercodigo',
  `relaprficha` int(11) NOT NULL COMMENT 'codigo de ficha -> ficcodigo',
  `relaprusuariocrea` varchar(30) COLLATE utf8_spanish2_ci NOT NULL,
  `relaprusuarioanula` varchar(30) COLLATE utf8_spanish2_ci DEFAULT NULL,
  `relaprfechacrea` date NOT NULL,
  `relaprfechaanula` date DEFAULT NULL,
  `relaprobservacion` varchar(200) COLLATE utf8_spanish2_ci DEFAULT NULL,
  `relaprestado` enum('S','N') COLLATE utf8_spanish2_ci NOT NULL,
  `relaprinasistencias` int(11) NOT NULL
) ENGINE=InnoDB DEFAULT CHARSET=utf8 COLLATE=utf8_spanish2_ci;

-- --------------------------------------------------------

--
-- Estructura de tabla para la tabla `glorelinstructores`
--

CREATE TABLE `glorelinstructores` (
  `relinscodigo` int(11) NOT NULL,
  `relinsinstructor` int(11) NOT NULL COMMENT 'codigo de instructor -> tercodigo',
  `relinsficha` int(11) NOT NULL COMMENT 'codigo de ficha -> ficcodigo',
  `relinsusuariocrea` varchar(500) COLLATE utf8_spanish2_ci DEFAULT NULL COMMENT 'usuario que creo la relacion',
  `relinsusuarioanula` varchar(500) COLLATE utf8_spanish2_ci DEFAULT NULL COMMENT 'usuario que anula',
  `relinsfechacrea` date NOT NULL,
  `relinsfechaanula` date DEFAULT NULL,
  `relinsobservacion` varchar(5000) COLLATE utf8_spanish2_ci DEFAULT NULL,
  `relinsestado` enum('S','N') COLLATE utf8_spanish2_ci NOT NULL
) ENGINE=InnoDB DEFAULT CHARSET=utf8 COLLATE=utf8_spanish2_ci;

--
-- Volcado de datos para la tabla `glorelinstructores`
--

INSERT INTO `glorelinstructores` (`relinscodigo`, `relinsinstructor`, `relinsficha`, `relinsusuariocrea`, `relinsusuarioanula`, `relinsfechacrea`, `relinsfechaanula`, `relinsobservacion`, `relinsestado`) VALUES
(12, 1, 1, 'admin', NULL, '2018-05-09', NULL, '', 'S'),
(13, 1, 2, 'admin', NULL, '2018-05-09', NULL, '', 'S'),
(14, 2, 1, 'admin', NULL, '2018-05-09', NULL, '', 'S'),
(15, 3, 2, 'admin', NULL, '2018-05-09', NULL, '', 'S');

-- --------------------------------------------------------

--
-- Estructura de tabla para la tabla `gloterceros`
--

CREATE TABLE `gloterceros` (
  `tercodigo` int(11) NOT NULL COMMENT 'codigo de tercero',
  `tertipdoc` int(11) NOT NULL COMMENT 'llave foranea -> tipcodigo',
  `terdocnum` varchar(30) COLLATE utf8_spanish2_ci NOT NULL COMMENT 'numero de identificacion',
  `ternombre` int(11) DEFAULT NULL,
  `terclave` varchar(110) COLLATE utf8_spanish2_ci NOT NULL COMMENT 'Otro nombre o resumido del tercero, persona o empresa',
  `terfeccre` date NOT NULL COMMENT 'fecha de creacion del tercero',
  `teractivo` enum('S','N') COLLATE utf8_spanish2_ci NOT NULL COMMENT 'activo = S inactivo = N',
  `ternom1` varchar(50) COLLATE utf8_spanish2_ci NOT NULL,
  `ternom2` varchar(50) COLLATE utf8_spanish2_ci DEFAULT NULL,
  `terape1` varchar(50) COLLATE utf8_spanish2_ci NOT NULL,
  `terape2` varchar(50) COLLATE utf8_spanish2_ci DEFAULT NULL,
  `tertipogrupo` int(11) NOT NULL COMMENT '1 = Empresa, 2 = Persona',
  `tertipo` int(11) NOT NULL
) ENGINE=InnoDB DEFAULT CHARSET=utf8 COLLATE=utf8_spanish2_ci;

--
-- Volcado de datos para la tabla `gloterceros`
--

INSERT INTO `gloterceros` (`tercodigo`, `tertipdoc`, `terdocnum`, `ternombre`, `terclave`, `terfeccre`, `teractivo`, `ternom1`, `ternom2`, `terape1`, `terape2`, `tertipogrupo`, `tertipo`) VALUES
(1, 11, '123456', NULL, 'INS', '2018-05-09', 'S', 'Manuel', '', 'Orozco', '', 2, 34),
(2, 11, '1233', NULL, 'INS', '2018-05-09', 'S', 'Jhon', 'key', 'Dimas', '', 2, 34),
(3, 11, '12145', NULL, 'INS', '2018-05-09', 'S', 'Willian', '', 'Pallares', '', 2, 34);

-- --------------------------------------------------------

--
-- Estructura de tabla para la tabla `gloterdatospersonales`
--

CREATE TABLE `gloterdatospersonales` (
  `terdatcodigo` int(11) NOT NULL,
  `terdatfecnac` date DEFAULT NULL COMMENT 'Fecha de nacimiento del tercero .',
  `terdattipciv` int(11) DEFAULT NULL COMMENT 'Indica estado civil del tercero.(casado,..) t->glotipos : terciv',
  `terdattipsan` int(11) DEFAULT NULL COMMENT 'Indica el tipo de sangre del tercero. (A+,B+....) t->glotipos : tersan',
  `terdattipsex` int(11) DEFAULT NULL COMMENT 'Indica Genero del tercero. (mas,fem) t->glotipos : tersex',
  `terdathijos` int(11) DEFAULT NULL,
  `terdatliccon` int(11) DEFAULT NULL,
  `terdatlibdis` int(11) DEFAULT NULL,
  `terdattipnac` int(11) DEFAULT NULL COMMENT 'Indica nacionalidad del tercero.(Colombi-Peru) t->glopaises',
  `terdattipniv` int(11) DEFAULT NULL COMMENT 'Indica el nivel de estudio del tercero. (Bachiller,Profesional,Especializacion,...) t->glotipos : terniv',
  `terdattippro` int(11) DEFAULT NULL COMMENT 'Indica el estudio o Profesion del tercero. (Abodago,Medico,carpintero,Alañil,...) t->glotipos : terpro',
  `terdatactivo` enum('S','N') COLLATE utf8_spanish2_ci NOT NULL COMMENT 'Indica si el registro esta activo o no lo esta. Chk(S-activo,N-inactivo)',
  `terdatepsvin` enum('0','1','2','3') COLLATE utf8_spanish2_ci DEFAULT NULL COMMENT 'Indica el tipo de vinculación de la persona a la EPS. Ej: 0 = No definido, 1 = Sisben, 2 = Eps, 3 = Prepagado <- X ->',
  `terdateps` int(11) DEFAULT NULL COMMENT 'Indica la EPS de la persona. t->glotipos : tereps',
  `terdatepscat` enum('0','1','2') COLLATE utf8_spanish2_ci DEFAULT NULL COMMENT 'Indica la categoría de la persona en la EPS. Ej: 0 = No definido, 1 = Cotizante, 2 = Beneficiario  <- X ->',
  `terdatepsreg` enum('0','1','2') COLLATE utf8_spanish2_ci DEFAULT NULL COMMENT 'Indica el tipo de regimen de la persona en la EPS. Ej: 0 = No definido, 1 = Contributivo, 2 = Subsidiado <- X ->',
  `terdatestrato` int(11) DEFAULT NULL,
  `terdatciunac` int(11) DEFAULT NULL COMMENT 'Indica la ciudad de nacimiento de la persona. t->glomunicipios',
  `terdatlibmil` int(11) DEFAULT NULL COMMENT 'numero de libreta militar'
) ENGINE=InnoDB DEFAULT CHARSET=utf8 COLLATE=utf8_spanish2_ci;

--
-- Volcado de datos para la tabla `gloterdatospersonales`
--

INSERT INTO `gloterdatospersonales` (`terdatcodigo`, `terdatfecnac`, `terdattipciv`, `terdattipsan`, `terdattipsex`, `terdathijos`, `terdatliccon`, `terdatlibdis`, `terdattipnac`, `terdattipniv`, `terdattippro`, `terdatactivo`, `terdatepsvin`, `terdateps`, `terdatepscat`, `terdatepsreg`, `terdatestrato`, `terdatciunac`, `terdatlibmil`) VALUES
(1, '2018-05-03', NULL, NULL, 18, NULL, NULL, NULL, 18, NULL, NULL, 'S', NULL, NULL, NULL, NULL, NULL, 1119, NULL),
(2, '2018-05-03', NULL, NULL, 18, NULL, NULL, NULL, 14, NULL, NULL, 'S', NULL, NULL, NULL, NULL, NULL, 1115, NULL),
(3, '2018-05-06', NULL, NULL, 18, NULL, NULL, NULL, 16, NULL, NULL, 'S', NULL, NULL, NULL, NULL, NULL, 1117, NULL);

-- --------------------------------------------------------

--
-- Estructura de tabla para la tabla `gloterubicaciones`
--

CREATE TABLE `gloterubicaciones` (
  `terubicodigo` int(11) NOT NULL,
  `terubitercero` int(11) NOT NULL COMMENT 'Valor del codigo del tercero al que pertenece el registro. t->gloterceros ',
  `terubibarrio` int(11) DEFAULT NULL COMMENT 'Indica el barrio del tercero. t->globarrios',
  `terubitipo` int(11) DEFAULT NULL COMMENT 'Indica el tipo de ubicacion. t->glotipos : terubi',
  `terubivalor` varchar(500) COLLATE utf8_spanish2_ci DEFAULT NULL COMMENT 'Valor de la ubicación, ejemplo: Direccion, Correo, etc.',
  `terubiactivo` enum('S','N') COLLATE utf8_spanish2_ci NOT NULL COMMENT 'Indica si el registro está activo o no lo esta. (S-activo,N-inactivo)'
) ENGINE=InnoDB DEFAULT CHARSET=utf8 COLLATE=utf8_spanish2_ci;

--
-- Volcado de datos para la tabla `gloterubicaciones`
--

INSERT INTO `gloterubicaciones` (`terubicodigo`, `terubitercero`, `terubibarrio`, `terubitipo`, `terubivalor`, `terubiactivo`) VALUES
(1, 1, 0, 9, 'No aplica', 'S'),
(2, 2, 0, 9, 'No aplica', 'S'),
(3, 3, 0, 9, 'No aplica', 'S');

-- --------------------------------------------------------

--
-- Estructura de tabla para la tabla `glotipos`
--

CREATE TABLE `glotipos` (
  `tipcodigo` int(11) NOT NULL COMMENT 'codigo autoincremental ',
  `tipclave` varchar(50) COLLATE utf8_spanish2_ci NOT NULL COMMENT 'este es un campo de busqueda alternativa',
  `tipdetalle` varchar(200) COLLATE utf8_spanish2_ci NOT NULL COMMENT 'detalle completo',
  `tipabreviatura` varchar(10) COLLATE utf8_spanish2_ci NOT NULL COMMENT 'abreviatura o nombre corto del tipo',
  `tipgrupo` varchar(10) COLLATE utf8_spanish2_ci NOT NULL COMMENT 'grupo al que pertenece el grupo',
  `tipactivo` enum('S','N') COLLATE utf8_spanish2_ci NOT NULL COMMENT 'estado del tipo Activo = S inactivo =N'
) ENGINE=InnoDB DEFAULT CHARSET=utf8 COLLATE=utf8_spanish2_ci;

--
-- Volcado de datos para la tabla `glotipos`
--

INSERT INTO `glotipos` (`tipcodigo`, `tipclave`, `tipdetalle`, `tipabreviatura`, `tipgrupo`, `tipactivo`) VALUES
(1, 'NA', 'No aplica', 'No aplica', 'NA', 'S'),
(2, 'DIRRES', 'Dirección de residencia', 'Dirección', 'TERUBI', 'S'),
(3, 'DIRFAM', 'Dirección familiar', 'Dirección', 'TERUBI', 'S'),
(4, 'DIREMP', 'Dirección empresarial', 'Dirección ', 'TERUBI', 'S'),
(5, 'TELRES', 'Teléfono fijo residencia', 'Teléfono', 'TERUBI', 'S'),
(6, 'TELEMP', 'Teléfono fijo empresarial', 'Teléfono', 'TERUBI', 'S'),
(7, 'CELPER', 'Celular personal', 'Celular', 'TERUBI', 'S'),
(8, 'CELEMP', 'Celular empresarial', 'Celular', 'TERUBI', 'S'),
(9, 'COREMP', 'Correo empresarial', 'Correo', 'TERUBI', 'S'),
(10, 'CORPER', 'Correo personal', 'Correo', 'TERUBI', 'S'),
(11, 'CC', 'Cédula de ciudadanía', 'Cédula de ', 'TERDOC', 'S'),
(12, 'TEX', 'Tarjeta de extranjería', 'Tarjeta de', 'TERDOC', 'S'),
(13, 'CEX', 'Cédula de extranjería', 'Cédula de ', 'TERDOC', 'S'),
(14, 'NIT', 'Nit', 'Nit', 'TERDOC', 'S'),
(15, 'PAS', 'Pasaporte', 'Pasaporte', 'TERDOC', 'S'),
(16, 'IEX', 'Identificación extranjera', 'Identifica', 'TERDOC', 'S'),
(17, 'SIN', 'Sin identificación ', 'Sin identi', 'TERDOC', 'S'),
(18, 'GEN', 'Masculino', 'Masculino', 'TERGEN', 'S'),
(19, 'GEN', 'Femenino', 'Femenino', 'TERGEN', 'S'),
(20, 'CLI', 'Persona Natural', 'Cliente', 'TERTIP', 'S'),
(21, 'EMP', 'Persona Juridica', 'Empresa', 'TERTIP', 'S'),
(22, 'TI', 'Tarjeta de identidad', 'Tarjeta de', 'TERDOC', 'S'),
(23, '004', 'Generador', 'Generador', 'ARTGRU', 'S'),
(24, '006', 'Generador', 'Generador', 'ARTFAM', 'S'),
(25, 'MICOR', 'gerencia@scisindustriales.com', '2', 'MISDAT', 'S'),
(26, 'MICEL', '3136819210', '5', 'MISDAT', 'S'),
(27, 'MIDIR', 'Calle 41 No. 21 - 55', '4', 'MISDAT', 'S'),
(28, 'MITEL', '3014039', '6', 'MISDAT', 'S'),
(29, 'MICIU', 'Barranquilla - Colombia', '3', 'MISDAT', 'S'),
(30, 'COM', 'Común', 'Común', 'TERREG', 'S'),
(31, 'SIM', 'Simplificado', 'Simplifica', 'TERREG', 'S'),
(32, 'APRE', 'aprendiz', 'aprendiz', 'TERTIP', 'S'),
(33, 'VER', 'ver', 'ver', 'TERACT', 'S'),
(34, 'INS', 'Instructor', 'INS', 'TERTIP', 'S');

-- --------------------------------------------------------

--
-- Estructura de tabla para la tabla `seg_acciones`
--

CREATE TABLE `seg_acciones` (
  `acc_codigo` int(11) NOT NULL,
  `acc_estado` enum('1','2') COLLATE utf8_spanish2_ci NOT NULL COMMENT 'Este es el estado de un registro. 1 = Activo, 2 = Inactivo.',
  `acc_descripcion` varchar(200) COLLATE utf8_spanish2_ci NOT NULL COMMENT 'Descripción de la acción; Ver, Modificar, Borrar, etc.',
  `acc_modulo` int(11) NOT NULL COMMENT 'Esta es una FK que apunta al campo MOD_CODIGO de la tabla SEG_MODULOS. Nos dice a que modulo pertenece una acción.'
) ENGINE=InnoDB DEFAULT CHARSET=utf8 COLLATE=utf8_spanish2_ci;

--
-- Volcado de datos para la tabla `seg_acciones`
--

INSERT INTO `seg_acciones` (`acc_codigo`, `acc_estado`, `acc_descripcion`, `acc_modulo`) VALUES
(1, '1', 'Ver', 1),
(2, '1', 'Modificar', 1),
(3, '1', 'Eliminar', 1),
(4, '1', 'Ver', 2),
(5, '1', 'Modificar', 2),
(6, '1', 'Eliminar', 2),
(7, '1', 'Ver', 3),
(8, '1', 'Modificar', 3),
(9, '1', 'Eliminar', 3),
(10, '1', 'Ver', 4),
(11, '1', 'Modificar', 4),
(12, '1', 'Eliminar', 4),
(13, '1', 'Ver', 5),
(14, '1', 'Modificar', 5),
(15, '1', 'Eliminar', 5),
(16, '1', 'Ver', 6),
(17, '1', 'Modificar', 6),
(18, '1', 'Eliminar', 6),
(19, '1', 'Ver', 7),
(20, '1', 'Modificar', 7),
(21, '1', 'Eliminar', 7),
(22, '1', 'Crear', 1),
(23, '1', 'Crear', 2),
(24, '1', 'Crear', 3),
(25, '1', 'Crear', 4),
(26, '1', 'Crear', 5),
(27, '1', 'Crear', 6),
(28, '1', 'Crear', 7),
(29, '1', 'Crear', 8),
(30, '1', 'Modificar', 8),
(31, '1', 'Ver', 8),
(32, '1', 'Eliminar', 8),
(33, '1', 'Crear', 9),
(34, '1', 'Modificar', 9),
(35, '1', 'Eliminar', 9),
(36, '1', 'Ver', 9),
(37, '1', 'Ver', 10),
(38, '1', 'Crear', 10),
(39, '1', 'Modificar', 10),
(40, '1', 'Eliminar', 10),
(41, '1', 'Ver', 11),
(42, '1', 'Crear', 11),
(43, '1', 'Modificar', 11),
(44, '1', 'Eliminar', 11),
(45, '1', 'Ver', 12),
(46, '1', 'Modificar', 12),
(47, '1', 'Eliminar', 12),
(48, '1', 'Crear', 12),
(49, '1', 'Ver', 13),
(50, '1', 'Modificar', 13),
(51, '1', 'Eliminar', 13),
(52, '1', 'Crear', 13),
(53, '1', 'Ver', 14),
(54, '1', 'Modificar', 14),
(55, '1', 'Eliminar', 14),
(56, '1', 'Crear', 14),
(57, '1', 'Ver', 15),
(58, '1', 'Modificar', 15),
(59, '1', 'Eliminar', 15),
(60, '1', 'Crear', 15),
(61, '1', 'Ver', 16),
(62, '1', 'Modificar', 16),
(63, '1', 'Eliminar', 16),
(64, '1', 'Crear', 16),
(65, '1', 'Ver', 17),
(66, '1', 'Modificar', 17),
(67, '1', 'Eliminar', 17),
(68, '1', 'Crear', 17),
(69, '1', 'Ver', 18),
(70, '1', 'Modificar', 18),
(71, '1', 'Eliminar', 18),
(72, '1', 'Crear', 18),
(73, '1', 'Ver', 19),
(74, '1', 'Modificar', 19),
(75, '1', 'Eliminar', 19),
(76, '1', 'Crear', 19),
(77, '1', 'Ver', 20),
(78, '1', 'Modificar', 20),
(79, '1', 'Eliminar', 20),
(80, '1', 'Crear', 20),
(81, '1', 'Crear', 21),
(82, '1', 'Modificar', 21),
(83, '1', 'Ver', 21),
(84, '1', 'Eliminar', 21),
(85, '1', 'Eliminar', 22),
(86, '1', 'Ver', 22),
(87, '1', 'Modificar', 22),
(88, '1', 'Crear', 22),
(89, '1', 'Eliminar', 23),
(90, '1', 'Ver', 23),
(91, '1', 'Modificar', 23),
(92, '1', 'Crear', 23),
(93, '1', 'Abonar', 1),
(94, '1', 'Ver', 24),
(95, '1', 'Crear', 24),
(96, '1', 'Modificar', 24),
(97, '1', 'Eliminar', 24),
(98, '1', 'Ver', 25),
(99, '1', 'Crear', 25),
(100, '1', 'Modificar', 25),
(101, '1', 'Eliminar', 25),
(102, '1', 'Ver', 26),
(103, '1', 'Crear', 26),
(104, '1', 'Modificar', 26),
(105, '1', 'Eliminar', 26),
(106, '1', 'Ver', 27),
(107, '1', 'Crear', 27),
(108, '1', 'Modificar', 27),
(109, '1', 'Eliminar', 27),
(110, '1', 'Ver', 28),
(111, '1', 'Crear', 28),
(112, '1', 'Modificar', 28),
(113, '1', 'Eliminar', 28),
(114, '1', 'Ver', 29),
(115, '1', 'Crear', 29),
(116, '1', 'Modificar', 29),
(117, '1', 'Eliminar', 29),
(118, '1', 'Ver', 30),
(119, '1', 'Crear', 30),
(120, '1', 'Modificar', 30),
(121, '1', 'Eliminar', 30),
(122, '1', 'Ver', 31),
(123, '1', 'Crear', 31),
(124, '1', 'Eliminar', 31),
(125, '1', 'Modificar', 31),
(126, '1', 'Ver', 32),
(127, '1', 'Crear', 32),
(128, '1', 'Eliminar', 32),
(129, '1', 'Modificar', 32),
(130, '1', 'Crear', 33),
(131, '1', 'Ver', 33),
(132, '1', 'Modificar', 33),
(133, '1', 'Eliminar', 33),
(134, '1', 'Ver', 34),
(135, '1', 'Crear', 34),
(136, '1', 'Modificar', 34),
(137, '1', 'Eliminar', 34),
(138, '1', 'Ver', 35),
(139, '1', 'Crear', 35),
(140, '1', 'Modificar', 35),
(141, '1', 'Eliminar', 35),
(142, '1', 'Ver', 36),
(143, '1', 'Crear', 36),
(144, '1', 'Modificar', 36),
(145, '1', 'Eliminar', 36),
(146, '1', 'Ver', 37),
(147, '1', 'Crear', 37),
(148, '1', 'Modificar', 37),
(149, '1', 'Eliminar', 37),
(150, '1', 'Ver', 38),
(151, '1', 'Crear', 38),
(152, '1', 'Modificar', 38),
(153, '1', 'Eliminar', 38),
(154, '1', 'Ver', 39),
(155, '1', 'Crear', 39),
(156, '1', 'Modificar', 39),
(157, '1', 'Eliminar', 39),
(158, '1', 'Ver', 40),
(159, '1', 'Crear', 40),
(160, '1', 'Modificar', 40),
(161, '1', 'Eliminar', 40),
(162, '1', 'Ver', 41),
(163, '1', 'Crear', 41),
(164, '1', 'Modificar', 41),
(165, '1', 'Eliminar', 41),
(166, '1', 'Ver', 42),
(167, '1', 'Ver', 43),
(168, '1', 'Crear', 43),
(169, '1', 'Modificar', 43),
(170, '1', 'Eliminar', 43),
(171, '1', 'Crear', 44),
(172, '1', 'Ver', 44),
(173, '1', 'Modificar', 44),
(174, '1', 'Eliminar', 44),
(175, '1', 'Ver', 45);

-- --------------------------------------------------------

--
-- Estructura de tabla para la tabla `seg_modulos`
--

CREATE TABLE `seg_modulos` (
  `mod_codigo` int(11) NOT NULL,
  `mod_estado` enum('1','2') COLLATE utf8_spanish2_ci NOT NULL COMMENT 'Este es el estado de un registro. 1 = Activo, 2 = Inactivo.',
  `mod_nombre` varchar(200) COLLATE utf8_spanish2_ci NOT NULL COMMENT 'nombre del modulo',
  `mod_orden` int(11) NOT NULL COMMENT 'Numero en orden ascendente para el orden en el que se ven los modulos. ',
  `mod_tipo` enum('1','2') COLLATE utf8_spanish2_ci NOT NULL COMMENT 'Contiene el tipo de modulo. 1 = Carpeta, 2 = Modulo.',
  `mod_ubicacion` varchar(300) COLLATE utf8_spanish2_ci DEFAULT NULL COMMENT 'Contiene la  ubicación o ruta del aplicativo.',
  `mod_icon` varchar(200) COLLATE utf8_spanish2_ci DEFAULT NULL COMMENT 'Contiene código HTML que genera el icono de un módulo y/o carpeta.',
  `mod_desktop` tinyint(1) DEFAULT NULL COMMENT 'Acceso directo del módulo en el panel principal de la aplicación. ',
  `mod_padre` int(11) DEFAULT NULL
) ENGINE=InnoDB DEFAULT CHARSET=utf8 COLLATE=utf8_spanish2_ci;

--
-- Volcado de datos para la tabla `seg_modulos`
--

INSERT INTO `seg_modulos` (`mod_codigo`, `mod_estado`, `mod_nombre`, `mod_orden`, `mod_tipo`, `mod_ubicacion`, `mod_icon`, `mod_desktop`, `mod_padre`) VALUES
(1, '1', 'Aprendiz', 1, '2', '', '', 0, 0),
(2, '1', 'Actividades', 2, '2', '', '', 0, 0),
(3, '1', 'Asistencias', 3, '2', '', '', 0, 0),
(4, '1', 'relacion-aprendiz', 41, '2', '', '', 0, 0),
(5, '1', 'Proveedores', 11, '2', '', '', 0, 0),
(6, '1', 'Vendedores', 12, '2', '', '', 0, 0),
(7, '1', 'Mantenimientos', 13, '2', '', '', 0, 0),
(8, '1', 'Sistema', 21, '2', '', '', 0, 0),
(9, '1', 'Documentos', 17, '2', '', '', 0, 0),
(10, '1', 'Ubicaciones', 17, '2', '', '', 0, 0),
(11, '1', 'Instructores', 15, '2', '', '', 0, 0),
(12, '1', 'Fichas', 14, '2', '', '', 0, 0),
(13, '1', 'Pagos', 18, '2', '', '', 0, 0),
(14, '1', 'Barrios', 19, '2', '', '', 0, 0),
(15, '1', 'Ingreso Articulos', 5, '2', '', '', 0, 0),
(16, '1', 'Familias', 6, '2', '', '', 0, 0),
(17, '1', 'Lineas', 7, '2', '', '', 0, 0),
(18, '1', 'Marcas', 8, '2', '', '', 0, 0),
(19, '1', 'Grupos', 9, '2', '', '', 0, 0),
(20, '1', 'Unidades', 10, '2', '', '', 0, 0),
(21, '1', 'Usuarios', 22, '2', '', '', 0, 0),
(22, '1', 'Roles', 23, '2', '', '', 0, 0),
(23, '1', 'Permisos', 24, '2', '', '', 0, 0),
(24, '1', 'Reportes', 100, '2', '', '', 0, 0),
(25, '1', 'Reporte inasistencias', 26, '2', '', '', 0, 0),
(26, '1', 'Reporte facturas', 27, '2', '', '', 0, 0),
(27, '1', 'Reporte clientes', 28, '2', '', '', 0, 0),
(28, '1', 'Reporte cartera', 29, '2', '', '', 0, 0),
(29, '1', 'Reporte cartera por edad', 30, '2', '', '', 0, 0),
(30, '1', 'Viaticos', 31, '2', '', '', 0, 0),
(31, '1', 'Cartera', 32, '2', '', '', 0, 0),
(32, '1', 'Cartera edad', 33, '2', '', '', 0, 0),
(33, '1', 'Reporte viaticos', 35, '2', '', '', 0, 0),
(34, '1', 'Registro viaticos', 34, '2', '', '', 0, 0),
(35, '1', 'Control', 20, '2', '', '', 0, 0),
(36, '1', 'Control cliente', 21, '2', '', '', 0, 0),
(37, '1', 'Control vendedor', 22, '2', '', '', 0, 0),
(38, '1', 'Inventario', 38, '2', '', '', 0, 0),
(39, '1', 'Cotizacion', 39, '2', '', '', 0, 0),
(40, '1', 'rel_ins', 40, '2', '', '', 0, 0),
(41, '1', 'Gastos', 41, '2', '', '', 0, 0),
(42, '1', 'Reporte gastos', 42, '2', '', '', 0, 0),
(43, '1', 'Servicios', 43, '2', '', '', 0, 0),
(44, '1', 'Relación vendedores', 44, '2', '', '', 0, 0),
(45, '1', 'Nomina', 45, '2', '', '', 0, 0),
(46, '1', 'Actividades', 2, '2', '', '', 0, 0);

-- --------------------------------------------------------

--
-- Estructura de tabla para la tabla `seg_permisos`
--

CREATE TABLE `seg_permisos` (
  `seg_accion` int(20) DEFAULT NULL COMMENT 'FK que apunta al campo ACC_CODIGO de la tabla SEG_ACCIONES.',
  `seg_roles` int(20) DEFAULT NULL COMMENT 'FK que apunta al campo ROL_CODIGO de la tabla SEG_ROLES. '
) ENGINE=InnoDB DEFAULT CHARSET=utf8 COLLATE=utf8_spanish2_ci;

--
-- Volcado de datos para la tabla `seg_permisos`
--

INSERT INTO `seg_permisos` (`seg_accion`, `seg_roles`) VALUES
(2, 1),
(3, 1),
(4, 1),
(5, 1),
(6, 1),
(7, 1),
(8, 1),
(9, 1),
(10, 1),
(11, 1),
(12, 1),
(13, 1),
(14, 1),
(15, 1),
(16, 1),
(17, 1),
(18, 1),
(19, 1),
(20, 1),
(21, 1),
(22, 1),
(23, 1),
(24, 1),
(25, 1),
(26, 1),
(27, 1),
(28, 1),
(29, 1),
(30, 1),
(31, 1),
(32, 1),
(33, 1),
(34, 1),
(35, 1),
(36, 1),
(37, 1),
(38, 1),
(39, 1),
(40, 1),
(41, 1),
(42, 1),
(43, 1),
(44, 1),
(45, 1),
(46, 1),
(47, 1),
(49, 1),
(50, 1),
(51, 1),
(53, 1),
(54, 1),
(55, 1),
(57, 1),
(58, 1),
(59, 1),
(48, 1),
(52, 1),
(56, 1),
(60, 1),
(61, 1),
(62, 1),
(63, 1),
(64, 1),
(65, 1),
(66, 1),
(67, 1),
(68, 1),
(69, 1),
(70, 1),
(71, 1),
(72, 1),
(73, 1),
(74, 1),
(75, 1),
(76, 1),
(77, 1),
(78, 1),
(79, 1),
(80, 1),
(81, 1),
(82, 1),
(83, 1),
(84, 1),
(85, 1),
(86, 1),
(87, 1),
(88, 1),
(89, 1),
(90, 1),
(91, 1),
(92, 1),
(93, 1),
(94, 1),
(95, 1),
(96, 1),
(97, 1),
(98, 1),
(99, 1),
(100, 1),
(101, 1),
(102, 1),
(103, 1),
(104, 1),
(105, 1),
(106, 1),
(107, 1),
(108, 1),
(109, 1),
(110, 1),
(111, 1),
(112, 1),
(113, 1),
(114, 1),
(115, 1),
(116, 1),
(117, 1),
(118, 1),
(119, 1),
(120, 1),
(121, 1),
(122, 1),
(123, 1),
(124, 1),
(125, 1),
(126, 1),
(127, 1),
(128, 1),
(129, 1),
(130, 1),
(131, 1),
(132, 1),
(133, 1),
(134, 1),
(135, 1),
(136, 1),
(137, 1),
(138, 1),
(139, 1),
(140, 1),
(141, 1),
(142, 1),
(143, 1),
(144, 1),
(145, 1),
(146, 1),
(147, 1),
(148, 1),
(149, 1),
(150, 1),
(151, 1),
(152, 1),
(153, 1),
(154, 1),
(155, 1),
(156, 1),
(157, 1),
(158, 1),
(159, 1),
(160, 1),
(161, 1),
(162, 1),
(163, 1),
(164, 1),
(165, 1),
(166, 1),
(167, 1),
(4, 4),
(4, 5),
(5, 4),
(5, 5),
(6, 4),
(6, 5),
(7, 4),
(7, 5),
(8, 4),
(8, 5),
(9, 4),
(9, 5),
(10, 4),
(10, 5),
(11, 4),
(11, 5),
(12, 4),
(12, 5),
(13, 4),
(13, 5),
(14, 4),
(14, 5),
(15, 4),
(15, 5),
(16, 4),
(16, 5),
(17, 4),
(17, 5),
(18, 4),
(18, 5),
(19, 4),
(19, 5),
(20, 4),
(20, 5),
(21, 4),
(21, 5),
(23, 4),
(23, 5),
(24, 4),
(24, 5),
(25, 4),
(25, 5),
(26, 4),
(26, 5),
(27, 4),
(27, 5),
(28, 4),
(28, 5),
(33, 4),
(33, 5),
(34, 4),
(34, 5),
(35, 4),
(35, 5),
(36, 4),
(36, 5),
(37, 4),
(37, 5),
(38, 4),
(38, 5),
(39, 4),
(39, 5),
(40, 4),
(40, 5),
(41, 4),
(41, 5),
(42, 4),
(42, 5),
(43, 4),
(43, 5),
(44, 4),
(44, 5),
(45, 4),
(45, 5),
(46, 4),
(46, 5),
(47, 4),
(47, 5),
(49, 4),
(49, 5),
(50, 4),
(50, 5),
(51, 4),
(51, 5),
(53, 4),
(53, 5),
(54, 4),
(54, 5),
(55, 4),
(55, 5),
(57, 4),
(57, 5),
(58, 4),
(58, 5),
(59, 4),
(59, 5),
(48, 4),
(48, 5),
(52, 4),
(52, 5),
(56, 4),
(56, 5),
(60, 4),
(60, 5),
(61, 4),
(61, 5),
(62, 4),
(62, 5),
(63, 4),
(63, 5),
(64, 4),
(64, 5),
(65, 4),
(65, 5),
(66, 4),
(66, 5),
(67, 4),
(67, 5),
(68, 4),
(68, 5),
(69, 4),
(69, 5),
(70, 4),
(70, 5),
(71, 4),
(71, 5),
(72, 4),
(72, 5),
(73, 4),
(73, 5),
(74, 4),
(74, 5),
(75, 4),
(75, 5),
(76, 4),
(76, 5),
(77, 4),
(77, 5),
(78, 4),
(78, 5),
(79, 4),
(79, 5),
(80, 4),
(80, 5),
(81, 4),
(81, 5),
(82, 4),
(82, 5),
(83, 4),
(83, 5),
(84, 4),
(84, 5),
(94, 4),
(94, 5),
(95, 4),
(95, 5),
(96, 4),
(96, 5),
(97, 4),
(97, 5),
(98, 4),
(98, 5),
(99, 4),
(99, 5),
(100, 4),
(100, 5),
(101, 4),
(101, 5),
(102, 4),
(102, 5),
(103, 4),
(103, 5),
(104, 4),
(104, 5),
(105, 4),
(105, 5),
(106, 4),
(106, 5),
(107, 4),
(107, 5),
(108, 4),
(108, 5),
(109, 4),
(109, 5),
(110, 4),
(110, 5),
(111, 4),
(111, 5),
(112, 4),
(112, 5),
(113, 4),
(113, 5),
(114, 4),
(114, 5),
(115, 4),
(115, 5),
(116, 4),
(116, 5),
(117, 4),
(117, 5),
(118, 4),
(118, 5),
(119, 4),
(119, 5),
(120, 4),
(120, 5),
(121, 4),
(121, 5),
(122, 4),
(122, 5),
(123, 4),
(123, 5),
(124, 4),
(124, 5),
(125, 4),
(125, 5),
(126, 4),
(126, 5),
(127, 4),
(127, 5),
(128, 4),
(128, 5),
(129, 4),
(129, 5),
(130, 4),
(130, 5),
(131, 4),
(131, 5),
(132, 4),
(132, 5),
(133, 4),
(133, 5),
(134, 4),
(134, 5),
(135, 4),
(135, 5),
(136, 4),
(136, 5),
(137, 4),
(137, 5),
(138, 4),
(138, 5),
(139, 4),
(139, 5),
(140, 4),
(140, 5),
(141, 4),
(141, 5),
(142, 4),
(142, 5),
(143, 4),
(143, 5),
(144, 4),
(144, 5),
(145, 4),
(145, 5),
(146, 4),
(146, 5),
(147, 4),
(147, 5),
(148, 4),
(148, 5),
(149, 4),
(149, 5),
(150, 4),
(150, 5),
(151, 4),
(151, 5),
(152, 4),
(152, 5),
(153, 4),
(153, 5),
(154, 4),
(154, 5),
(155, 4),
(155, 5),
(156, 4),
(156, 5),
(157, 4),
(157, 5),
(158, 4),
(158, 5),
(159, 4),
(159, 5),
(160, 4),
(160, 5),
(161, 4),
(161, 5),
(162, 4),
(162, 5),
(163, 4),
(163, 5),
(164, 4),
(164, 5),
(165, 4),
(165, 5),
(166, 4),
(166, 5),
(167, 4),
(167, 5),
(22, 3),
(7, 3),
(10, 3),
(57, 3),
(118, 3),
(119, 3),
(31, 4),
(31, 5),
(21, 4),
(21, 5),
(168, 4),
(168, 5),
(169, 5),
(169, 4),
(170, 4),
(170, 5),
(2, 4),
(3, 4),
(22, 4),
(93, 4),
(2, 5),
(3, 5),
(22, 5),
(93, 5),
(2, 3),
(172, 1),
(171, 1),
(173, 1),
(174, 1),
(171, 4),
(172, 4),
(173, 4),
(174, 4),
(171, 5),
(172, 5),
(173, 5),
(174, 5),
(175, 1),
(1, 1),
(2, 1),
(3, 1),
(22, 1),
(1, 4);

-- --------------------------------------------------------

--
-- Estructura de tabla para la tabla `seg_roles`
--

CREATE TABLE `seg_roles` (
  `rol_codigo` int(11) NOT NULL,
  `rol_estado` enum('1','2') COLLATE utf8_spanish2_ci NOT NULL COMMENT 'Este es el estado de un registro. 1 = Activo, 2 = Inactivo.',
  `rol_nombre` varchar(100) COLLATE utf8_spanish2_ci DEFAULT NULL COMMENT 'Contiene el nombres del grupo.'
) ENGINE=InnoDB DEFAULT CHARSET=utf8 COLLATE=utf8_spanish2_ci;

--
-- Volcado de datos para la tabla `seg_roles`
--

INSERT INTO `seg_roles` (`rol_codigo`, `rol_estado`, `rol_nombre`) VALUES
(1, '1', 'Administrador'),
(2, '1', 'Invitado'),
(3, '1', 'Instructor'),
(4, '1', 'Funcionario');

-- --------------------------------------------------------

--
-- Estructura de tabla para la tabla `seg_rolesusuarios`
--

CREATE TABLE `seg_rolesusuarios` (
  `rol_usuarios` int(20) DEFAULT NULL COMMENT 'Contiene el codigo del usuario al que pertenece el rol, es un fk del campo usu_codigo de la tabla seg_usuarios.',
  `rol_roles` int(20) DEFAULT NULL COMMENT 'Contiene el codigo del rol, es una fk del campo rol_codigo de la tabla seg_roles.'
) ENGINE=InnoDB DEFAULT CHARSET=utf8 COLLATE=utf8_spanish2_ci;

--
-- Volcado de datos para la tabla `seg_rolesusuarios`
--

INSERT INTO `seg_rolesusuarios` (`rol_usuarios`, `rol_roles`) VALUES
(3, 1),
(4, 3),
(4, 3),
(6, 3),
(7, 3),
(8, 3);

-- --------------------------------------------------------

--
-- Estructura de tabla para la tabla `seg_usuarios`
--

CREATE TABLE `seg_usuarios` (
  `usu_codigo` int(11) NOT NULL,
  `usu_estado` int(11) NOT NULL COMMENT 'Este es el estado de un registro. 1 = Activo, 2 = Inactivo.',
  `usu_usuario` varchar(250) COLLATE utf8_spanish2_ci NOT NULL COMMENT 'Este campo contiene el nickname de un usuario.',
  `usu_password` varchar(100) COLLATE utf8_spanish2_ci NOT NULL COMMENT 'Contraseña del usuario.',
  `usu_nombres` varchar(100) COLLATE utf8_spanish2_ci DEFAULT NULL,
  `usu_apellidos` varchar(100) COLLATE utf8_spanish2_ci DEFAULT NULL,
  `usu_email` varchar(300) COLLATE utf8_spanish2_ci DEFAULT NULL,
  `usu_tercero` int(11) DEFAULT NULL COMMENT 'Codigo del tercero, hace referencia al campo ''''tercodigo'''' de la tabla ''''gloterceros'''' del esquema ''''global''''.',
  `usu_pin` int(11) DEFAULT NULL
) ENGINE=InnoDB DEFAULT CHARSET=utf8 COLLATE=utf8_spanish2_ci;

--
-- Volcado de datos para la tabla `seg_usuarios`
--

INSERT INTO `seg_usuarios` (`usu_codigo`, `usu_estado`, `usu_usuario`, `usu_password`, `usu_nombres`, `usu_apellidos`, `usu_email`, `usu_tercero`, `usu_pin`) VALUES
(3, 1, 'admin', '202cb962ac59075b964b07152d234b70', NULL, NULL, NULL, NULL, NULL),
(6, 1, 'ManuelOrozco', '202cb962ac59075b964b07152d234b70', 'NA', 'NA', 'No aplica', 1, NULL),
(7, 1, '1233', 'b6dc88eabbb95dd2a82c96215a982653', 'NA', 'NA', 'No aplica', 2, NULL),
(8, 1, '12145', '5dd1ffc2be63849479a31859ea040709', 'NA', 'NA', 'No aplica', 3, NULL);

--
-- Índices para tablas volcadas
--

--
-- Indices de la tabla `gloasistencias`
--
ALTER TABLE `gloasistencias`
  ADD PRIMARY KEY (`asicodigo`),
  ADD KEY `asiaprendiz` (`asiaprendiz`);

--
-- Indices de la tabla `globarrios`
--
ALTER TABLE `globarrios`
  ADD PRIMARY KEY (`barcodigo`),
  ADD KEY `barmunicipio` (`barmunicipio`);

--
-- Indices de la tabla `glodepartamentos`
--
ALTER TABLE `glodepartamentos`
  ADD PRIMARY KEY (`depcodigo`);

--
-- Indices de la tabla `glofichas`
--
ALTER TABLE `glofichas`
  ADD PRIMARY KEY (`ficcodigo`);

--
-- Indices de la tabla `glomunicipios`
--
ALTER TABLE `glomunicipios`
  ADD PRIMARY KEY (`muncodigo`),
  ADD KEY `mundepartamento` (`mundepartamento`);

--
-- Indices de la tabla `glopaises`
--
ALTER TABLE `glopaises`
  ADD PRIMARY KEY (`paicodigo`);

--
-- Indices de la tabla `glorelaprendices`
--
ALTER TABLE `glorelaprendices`
  ADD PRIMARY KEY (`relaprcodigo`),
  ADD KEY `relaprAprendiz` (`relaprAprendiz`,`relaprficha`);

--
-- Indices de la tabla `glorelinstructores`
--
ALTER TABLE `glorelinstructores`
  ADD PRIMARY KEY (`relinscodigo`),
  ADD KEY `relinsinstructorok` (`relinsinstructor`,`relinsficha`) USING BTREE;

--
-- Indices de la tabla `gloterceros`
--
ALTER TABLE `gloterceros`
  ADD PRIMARY KEY (`tercodigo`),
  ADD KEY `tertipdoc` (`tertipdoc`);

--
-- Indices de la tabla `gloterdatospersonales`
--
ALTER TABLE `gloterdatospersonales`
  ADD PRIMARY KEY (`terdatcodigo`),
  ADD KEY `terdattipciv` (`terdattipciv`,`terdattipsan`,`terdattipsex`,`terdattipnac`,`terdattipniv`,`terdattippro`,`terdateps`,`terdatciunac`),
  ADD KEY `terdattipsan` (`terdattipsan`),
  ADD KEY `terdattipsex` (`terdattipsex`),
  ADD KEY `terdattipniv` (`terdattipniv`),
  ADD KEY `terdattippro` (`terdattippro`),
  ADD KEY `terdateps` (`terdateps`);

--
-- Indices de la tabla `gloterubicaciones`
--
ALTER TABLE `gloterubicaciones`
  ADD PRIMARY KEY (`terubicodigo`),
  ADD KEY `terubitercero` (`terubitercero`,`terubibarrio`,`terubitipo`),
  ADD KEY `terubitipo` (`terubitipo`);

--
-- Indices de la tabla `glotipos`
--
ALTER TABLE `glotipos`
  ADD PRIMARY KEY (`tipcodigo`);

--
-- Indices de la tabla `seg_acciones`
--
ALTER TABLE `seg_acciones`
  ADD PRIMARY KEY (`acc_codigo`),
  ADD KEY `acc_modulo` (`acc_modulo`);

--
-- Indices de la tabla `seg_modulos`
--
ALTER TABLE `seg_modulos`
  ADD PRIMARY KEY (`mod_codigo`);

--
-- Indices de la tabla `seg_permisos`
--
ALTER TABLE `seg_permisos`
  ADD KEY `seg_accion` (`seg_accion`) USING BTREE;

--
-- Indices de la tabla `seg_roles`
--
ALTER TABLE `seg_roles`
  ADD PRIMARY KEY (`rol_codigo`);

--
-- Indices de la tabla `seg_rolesusuarios`
--
ALTER TABLE `seg_rolesusuarios`
  ADD KEY `rol_usuarios` (`rol_usuarios`) USING BTREE,
  ADD KEY `rol_roles` (`rol_roles`) USING BTREE;

--
-- Indices de la tabla `seg_usuarios`
--
ALTER TABLE `seg_usuarios`
  ADD PRIMARY KEY (`usu_codigo`),
  ADD KEY `usu_tercero` (`usu_tercero`);

--
-- AUTO_INCREMENT de las tablas volcadas
--

--
-- AUTO_INCREMENT de la tabla `gloasistencias`
--
ALTER TABLE `gloasistencias`
  MODIFY `asicodigo` int(11) NOT NULL AUTO_INCREMENT;

--
-- AUTO_INCREMENT de la tabla `globarrios`
--
ALTER TABLE `globarrios`
  MODIFY `barcodigo` int(11) NOT NULL AUTO_INCREMENT, AUTO_INCREMENT=470;

--
-- AUTO_INCREMENT de la tabla `glofichas`
--
ALTER TABLE `glofichas`
  MODIFY `ficcodigo` int(11) NOT NULL AUTO_INCREMENT, AUTO_INCREMENT=3;

--
-- AUTO_INCREMENT de la tabla `glomunicipios`
--
ALTER TABLE `glomunicipios`
  MODIFY `muncodigo` int(11) NOT NULL AUTO_INCREMENT, AUTO_INCREMENT=1382;

--
-- AUTO_INCREMENT de la tabla `glorelaprendices`
--
ALTER TABLE `glorelaprendices`
  MODIFY `relaprcodigo` int(11) NOT NULL AUTO_INCREMENT;

--
-- AUTO_INCREMENT de la tabla `glorelinstructores`
--
ALTER TABLE `glorelinstructores`
  MODIFY `relinscodigo` int(11) NOT NULL AUTO_INCREMENT, AUTO_INCREMENT=16;

--
-- AUTO_INCREMENT de la tabla `gloterceros`
--
ALTER TABLE `gloterceros`
  MODIFY `tercodigo` int(11) NOT NULL AUTO_INCREMENT COMMENT 'codigo de tercero', AUTO_INCREMENT=4;

--
-- AUTO_INCREMENT de la tabla `gloterdatospersonales`
--
ALTER TABLE `gloterdatospersonales`
  MODIFY `terdatcodigo` int(11) NOT NULL AUTO_INCREMENT, AUTO_INCREMENT=4;

--
-- AUTO_INCREMENT de la tabla `gloterubicaciones`
--
ALTER TABLE `gloterubicaciones`
  MODIFY `terubicodigo` int(11) NOT NULL AUTO_INCREMENT, AUTO_INCREMENT=4;

--
-- AUTO_INCREMENT de la tabla `glotipos`
--
ALTER TABLE `glotipos`
  MODIFY `tipcodigo` int(11) NOT NULL AUTO_INCREMENT COMMENT 'codigo autoincremental ', AUTO_INCREMENT=35;

--
-- AUTO_INCREMENT de la tabla `seg_acciones`
--
ALTER TABLE `seg_acciones`
  MODIFY `acc_codigo` int(11) NOT NULL AUTO_INCREMENT, AUTO_INCREMENT=176;

--
-- AUTO_INCREMENT de la tabla `seg_modulos`
--
ALTER TABLE `seg_modulos`
  MODIFY `mod_codigo` int(11) NOT NULL AUTO_INCREMENT, AUTO_INCREMENT=47;

--
-- AUTO_INCREMENT de la tabla `seg_roles`
--
ALTER TABLE `seg_roles`
  MODIFY `rol_codigo` int(11) NOT NULL AUTO_INCREMENT, AUTO_INCREMENT=5;

--
-- AUTO_INCREMENT de la tabla `seg_usuarios`
--
ALTER TABLE `seg_usuarios`
  MODIFY `usu_codigo` int(11) NOT NULL AUTO_INCREMENT, AUTO_INCREMENT=9;

--
-- Restricciones para tablas volcadas
--

--
-- Filtros para la tabla `gloasistencias`
--
ALTER TABLE `gloasistencias`
  ADD CONSTRAINT `gloasistencias_ibfk_1` FOREIGN KEY (`asiaprendiz`) REFERENCES `gloterceros` (`tercodigo`);

--
-- Filtros para la tabla `globarrios`
--
ALTER TABLE `globarrios`
  ADD CONSTRAINT `globarrios_ibfk_1` FOREIGN KEY (`barmunicipio`) REFERENCES `glomunicipios` (`muncodigo`);

--
-- Filtros para la tabla `glomunicipios`
--
ALTER TABLE `glomunicipios`
  ADD CONSTRAINT `glomunicipios_ibfk_1` FOREIGN KEY (`mundepartamento`) REFERENCES `glodepartamentos` (`depcodigo`);

--
-- Filtros para la tabla `glorelaprendices`
--
ALTER TABLE `glorelaprendices`
  ADD CONSTRAINT `glorelaprendices_ibfk_1` FOREIGN KEY (`relaprAprendiz`) REFERENCES `gloterceros` (`tercodigo`);

--
-- Filtros para la tabla `glorelinstructores`
--
ALTER TABLE `glorelinstructores`
  ADD CONSTRAINT `glorelinstructores_ibfk_1` FOREIGN KEY (`relinsInstructor`) REFERENCES `gloterceros` (`tercodigo`),
  ADD CONSTRAINT `glorelinstructores_ibfk_2` FOREIGN KEY (`relinsinstructor`) REFERENCES `gloterceros` (`tercodigo`);

--
-- Filtros para la tabla `gloterceros`
--
ALTER TABLE `gloterceros`
  ADD CONSTRAINT `gloterceros_ibfk_1` FOREIGN KEY (`tertipdoc`) REFERENCES `glotipos` (`tipcodigo`);

--
-- Filtros para la tabla `gloterdatospersonales`
--
ALTER TABLE `gloterdatospersonales`
  ADD CONSTRAINT `gloterdatospersonales_ibfk_1` FOREIGN KEY (`terdattipciv`) REFERENCES `glotipos` (`tipcodigo`),
  ADD CONSTRAINT `gloterdatospersonales_ibfk_2` FOREIGN KEY (`terdattipsan`) REFERENCES `glotipos` (`tipcodigo`),
  ADD CONSTRAINT `gloterdatospersonales_ibfk_3` FOREIGN KEY (`terdattipsex`) REFERENCES `glotipos` (`tipcodigo`),
  ADD CONSTRAINT `gloterdatospersonales_ibfk_4` FOREIGN KEY (`terdattipniv`) REFERENCES `glotipos` (`tipcodigo`),
  ADD CONSTRAINT `gloterdatospersonales_ibfk_5` FOREIGN KEY (`terdattippro`) REFERENCES `glotipos` (`tipcodigo`),
  ADD CONSTRAINT `gloterdatospersonales_ibfk_6` FOREIGN KEY (`terdateps`) REFERENCES `glotipos` (`tipcodigo`);

--
-- Filtros para la tabla `gloterubicaciones`
--
ALTER TABLE `gloterubicaciones`
  ADD CONSTRAINT `gloterubicaciones_ibfk_1` FOREIGN KEY (`terubitercero`) REFERENCES `gloterceros` (`tercodigo`),
  ADD CONSTRAINT `gloterubicaciones_ibfk_2` FOREIGN KEY (`terubitipo`) REFERENCES `glotipos` (`tipcodigo`);

--
-- Filtros para la tabla `seg_permisos`
--
ALTER TABLE `seg_permisos`
  ADD CONSTRAINT `seg_permisos_ibfk_1` FOREIGN KEY (`seg_accion`) REFERENCES `seg_acciones` (`acc_codigo`);

--
-- Filtros para la tabla `seg_rolesusuarios`
--
ALTER TABLE `seg_rolesusuarios`
  ADD CONSTRAINT `seg_rolesusuarios_ibfk_1` FOREIGN KEY (`rol_roles`) REFERENCES `seg_roles` (`rol_codigo`);

--
-- Filtros para la tabla `seg_usuarios`
--
ALTER TABLE `seg_usuarios`
  ADD CONSTRAINT `seg_usuarios_ibfk_1` FOREIGN KEY (`usu_tercero`) REFERENCES `gloterceros` (`tercodigo`);
COMMIT;

/*!40101 SET CHARACTER_SET_CLIENT=@OLD_CHARACTER_SET_CLIENT */;
/*!40101 SET CHARACTER_SET_RESULTS=@OLD_CHARACTER_SET_RESULTS */;
/*!40101 SET COLLATION_CONNECTION=@OLD_COLLATION_CONNECTION */;
